Insurers_name,Year_,Policy_type,NET_EARNED_PREMIUM,CLAIMS_INCURRED_NET,INCURRED_CLAIMS_RATIO
Acko General Insurance Ltd.,2018-19,Government Sponsored Schemes including RSBY & PMJAY,0.00,0.00,
Acko General Insurance Ltd.,2018-19,Group Insurance Schemes excluding Govt Sponsored Schemes,189.64,123.26,0.65
Acko General Insurance Ltd.,2018-19,Family Floater,0.00,0.00,
Acko General Insurance Ltd.,2018-19,Individual,0.00,0.00,
Acko General Insurance Ltd.,2019-20,Government Sponsored Schemes including RSBY,0.00,0.00,
Acko General Insurance Ltd.,2019-20,Group Insurance Schemes excluding Govt Sponsored Schemes,568.39,404.91,0.71
Acko General Insurance Ltd.,2019-20,Family Floater,0.00,0.00,
Acko General Insurance Ltd.,2019-20,Individual,0.00,0.00,
Acko General Insurance Ltd.,2020-21,Government Sponsored Schemes including RSBY & PMJAY,0.00,0.00,
Acko General Insurance Ltd.,2020-21,Group Insurance Schemes excluding Govt Sponsored Schemes,6468.72,6371.87,0.99
Acko General Insurance Ltd.,2020-21,Family Floater,7.25,11.94,1.65
Acko General Insurance Ltd.,2020-21,Individual,2.55,4.70,1.84
Acko General Insurance Ltd.,2021-22,Group Insurance Schemes excluding Govt Sponsored Schemes,26359.36,29829.21,1.13
Acko General Insurance Ltd.,2021-22,Family Floater,3.01,0.44,0.15
Acko General Insurance Ltd.,2021-22,Individual,120.05,180.99,1.51
Aditya Birla Health insurance Co. Ltd.,2016-17,Group Insurance Schemes excluding Govt. Sponsored Schemes,1313.43,1200.19,0.91
Aditya Birla Health insurance Co. Ltd.,2016-17,Family Floater,15.97,166.35,10.41
Aditya Birla Health insurance Co. Ltd.,2016-17,Individual,10.65,110.92,10.41
Aditya Birla Health insurance Co. Ltd.,2017-18,Group Insurance Schemes excluding Govt Sponsored Schemes,8899.52,11855.51,1.33
Aditya Birla Health insurance Co. Ltd.,2017-18,Family Floater,2409.96,365.92,0.15
Aditya Birla Health insurance Co. Ltd.,2017-18,Individual,1676.17,159.36,0.10
Aditya Birla Health insurance Co. Ltd.,2018-19,Government Sponsored Schemes including RSBY & PMJAY,0.00,0.00,
Aditya Birla Health insurance Co. Ltd.,2018-19,Group Insurance Schemes excluding Govt Sponsored Schemes,18059.27,14742.20,0.82
Aditya Birla Health insurance Co. Ltd.,2018-19,Family Floater,8289.36,1307.64,0.16
Aditya Birla Health insurance Co. Ltd.,2018-19,Individual,4510.50,3113.62,0.69
Aditya Birla Health insurance Co. Ltd.,2019-20,Government Sponsored Schemes including RSBY,0.00,0.00,
Aditya Birla Health insurance Co. Ltd.,2019-20,Group Insurance Schemes excluding Govt Sponsored Schemes,27184.85,17455.65,0.64
Aditya Birla Health insurance Co. Ltd.,2019-20,Family Floater,14276.71,6798.38,0.48
Aditya Birla Health insurance Co. Ltd.,2019-20,Individual,8223.94,2489.18,0.30
Aditya Birla Health insurance Co. Ltd.,2020-21,Government Sponsored Schemes including RSBY & PMJAY,0.00,0.00,
Aditya Birla Health insurance Co. Ltd.,2020-21,Group Insurance Schemes excluding Govt Sponsored Schemes,40470.00,22643.64,0.56
Aditya Birla Health insurance Co. Ltd.,2020-21,Family Floater,19710.42,11661.96,0.59
Aditya Birla Health insurance Co. Ltd.,2020-21,Individual,12909.49,5726.67,0.44
Aditya Birla Health insurance Co. Ltd.,2021-22,Group Insurance Schemes excluding Govt Sponsored Schemes,61916.70,49518.94,0.80
Aditya Birla Health insurance Co. Ltd.,2021-22,Family Floater,25950.54,21625.85,0.83
Aditya Birla Health insurance Co. Ltd.,2021-22,Individual,16747.60,10331.38,0.62
Bajaj Allianz General Insurance Co. Ltd.,2013-14,Family/Floater Insurance excluding Individual Policies,21236.34,12505.58,0.59
Bajaj Allianz General Insurance Co. Ltd.,2013-14,Group Insurance Schemes excluding Govt. Sponsored Schemes,41097.15,43627.45,1.06
Bajaj Allianz General Insurance Co. Ltd.,2013-14,Individual Insurance excluding Family /Floater Policies,1237.74,729.67,0.59
Bajaj Allianz General Insurance Co. Ltd.,2014-15,Family/Floater Insurance excluding Individual Policies,15058.27,10241.71,0.68
Bajaj Allianz General Insurance Co. Ltd.,2014-15,Group Insurance Schemes excluding Govt. Sponsored Schemes,31490.49,30170.42,0.96
Bajaj Allianz General Insurance Co. Ltd.,2014-15,Individual Insurance excluding Family /Floater Policies,12001.94,6390.80,0.53
Bajaj Allianz General Insurance Co. Ltd.,2015-16,Group Insurance Schemes excluding Govt. Sponsored Schemes,32393.64,31847.58,0.98
Bajaj Allianz General Insurance Co. Ltd.,2015-16,Family Floater,12886.85,7876.76,0.61
Bajaj Allianz General Insurance Co. Ltd.,2015-16,Individual,17077.98,11584.24,0.68
Bajaj Allianz General Insurance Co. Ltd.,2016-17,Government Sponsored Schemes including RSBY,1666.19,1607.31,0.96
Bajaj Allianz General Insurance Co. Ltd.,2016-17,Group Insurance Schemes excluding Govt. Sponsored Schemes,42280.60,43960.91,1.04
Bajaj Allianz General Insurance Co. Ltd.,2016-17,Family Floater,15311.82,10580.52,0.69
Bajaj Allianz General Insurance Co. Ltd.,2016-17,Individual,19716.00,13671.19,0.69
Bajaj Allianz General Insurance Co. Ltd.,2017-18,Government Sponsored Schemes including RSBY,3178.62,4071.67,1.28
Bajaj Allianz General Insurance Co. Ltd.,2017-18,Group Insurance Schemes excluding Govt Sponsored Schemes,61398.89,61156.42,1.00
Bajaj Allianz General Insurance Co. Ltd.,2017-18,Family Floater,20205.42,13191.46,0.65
Bajaj Allianz General Insurance Co. Ltd.,2017-18,Individual,22134.03,14671.41,0.66
Bajaj Allianz General Insurance Co. Ltd.,2018-19,Government Sponsored Schemes including RSBY & PMJAY,5922.31,4458.95,0.75
Bajaj Allianz General Insurance Co. Ltd.,2018-19,Group Insurance Schemes excluding Govt Sponsored Schemes,100878.62,103106.53,1.02
Bajaj Allianz General Insurance Co. Ltd.,2018-19,Family Floater,45353.94,32047.63,0.71
Bajaj Allianz General Insurance Co. Ltd.,2018-19,Individual,7144.90,3454.45,0.48
Bajaj Allianz General Insurance Co. Ltd.,2019-20,Government Sponsored Schemes including RSBY,4012.98,3292.47,0.82
Bajaj Allianz General Insurance Co. Ltd.,2019-20,Group Insurance Schemes excluding Govt Sponsored Schemes,107580.39,102248.15,0.95
Bajaj Allianz General Insurance Co. Ltd.,2019-20,Family Floater,51589.26,38019.75,0.74
Bajaj Allianz General Insurance Co. Ltd.,2019-20,Individual,8905.77,3202.45,0.36
Bajaj Allianz General Insurance Co. Ltd.,2020-21,Government Sponsored Schemes including RSBY & PMJAY,1909.75,2979.42,1.56
Bajaj Allianz General Insurance Co. Ltd.,2020-21,Group Insurance Schemes excluding Govt Sponsored Schemes,88095.57,67433.07,0.77
Bajaj Allianz General Insurance Co. Ltd.,2020-21,Family Floater,57405.16,46770.64,0.81
Bajaj Allianz General Insurance Co. Ltd.,2020-21,Individual,12954.90,6350.99,0.49
Bajaj Allianz General Insurance Co. Ltd.,2021-22,Government Sponsored Schemes including RSBY & PMJAY,24391.68,25053.20,1.03
Bajaj Allianz General Insurance Co. Ltd.,2021-22,Group Insurance Schemes excluding Govt Sponsored Schemes,91267.80,94269.64,1.03
Bajaj Allianz General Insurance Co. Ltd.,2021-22,Family Floater,49318.13,54606.30,1.11
Bajaj Allianz General Insurance Co. Ltd.,2021-22,Individual,27329.19,19988.29,0.73
Bharti AXA General Insurance Co. Ltd.,2013-14,Family/Floater Insurance excluding Individual Policies,814.14,311.56,0.38
Bharti AXA General Insurance Co. Ltd.,2013-14,Group Insurance Schemes excluding Govt. Sponsored Schemes,16554.96,13889.85,0.84
Bharti AXA General Insurance Co. Ltd.,2014-15,Family/Floater Insurance excluding Individual Policies,1137.54,321.02,0.28
Bharti AXA General Insurance Co. Ltd.,2014-15,Group Insurance Schemes excluding Govt. Sponsored Schemes,16096.16,17157.99,1.07
Bharti AXA General Insurance Co. Ltd.,2015-16,Group Insurance Schemes excluding Govt. Sponsored Schemes,7413.15,7016.02,0.95
Bharti AXA General Insurance Co. Ltd.,2015-16,Individual,868.08,673.79,0.78
Bharti AXA General Insurance Co. Ltd.,2016-17,Group Insurance Schemes excluding Govt. Sponsored Schemes,5920.49,4684.44,0.79
Bharti AXA General Insurance Co. Ltd.,2016-17,Family Floater,494.39,361.40,0.73
Bharti AXA General Insurance Co. Ltd.,2016-17,Individual,393.67,309.27,0.79
Bharti AXA General Insurance Co. Ltd.,2017-18,Group Insurance Schemes excluding Govt Sponsored Schemes,6126.27,6542.52,1.07
Bharti AXA General Insurance Co. Ltd.,2017-18,Family Floater,525.52,331.96,0.63
Bharti AXA General Insurance Co. Ltd.,2017-18,Individual,295.07,295.91,1.00
Bharti AXA General Insurance Co. Ltd.,2018-19,Government Sponsored Schemes including RSBY & PMJAY,0.00,0.00,
Bharti AXA General Insurance Co. Ltd.,2018-19,Group Insurance Schemes excluding Govt Sponsored Schemes,12850.05,12339.23,0.96
Bharti AXA General Insurance Co. Ltd.,2018-19,Family Floater,879.94,771.34,0.88
Bharti AXA General Insurance Co. Ltd.,2018-19,Individual,0.00,0.00,
Bharti AXA General Insurance Co. Ltd.,2019-20,Government Sponsored Schemes including RSBY,0.00,0.00,
Bharti AXA General Insurance Co. Ltd.,2019-20,Group Insurance Schemes excluding Govt Sponsored Schemes,17110.62,15695.33,0.92
Bharti AXA General Insurance Co. Ltd.,2019-20,Family Floater,1268.89,846.77,0.67
Bharti AXA General Insurance Co. Ltd.,2019-20,Individual,0.00,0.00,
Bharti AXA General Insurance Co. Ltd.,2020-21,Government Sponsored Schemes including RSBY & PMJAY,0.00,0.00,
Bharti AXA General Insurance Co. Ltd.,2020-21,Group Insurance Schemes excluding Govt Sponsored Schemes,25098.56,18832.22,0.75
Bharti AXA General Insurance Co. Ltd.,2020-21,Family Floater,1673.10,1002.11,0.60
Bharti AXA General Insurance Co. Ltd.,2020-21,Individual,0.00,0.00,
Care Health Insurance Ltd.,2013-14,Family/Floater Insurance excluding Individual Policies,1716.52,653.72,0.38
Care Health Insurance Ltd.,2013-14,Government Sponsored Schemes  including RSBY,48.69,8.11,0.17
Care Health Insurance Ltd.,2013-14,Group Insurance Schemes excluding Govt. Sponsored Schemes,5348.74,5200.06,0.97
Care Health Insurance Ltd.,2013-14,Individual Insurance excluding Family /Floater Policies,941.38,319.15,0.34
Care Health Insurance Ltd.,2014-15,Family/Floater Insurance excluding Individual Policies,5041.21,1956.11,0.39
Care Health Insurance Ltd.,2014-15,Government Sponsored Schemes including RSBY,323.62,240.96,0.74
Care Health Insurance Ltd.,2014-15,Group Insurance Schemes excluding Govt. Sponsored Schemes,6368.73,6036.78,0.95
Care Health Insurance Ltd.,2014-15,Individual Insurance excluding Family /Floater Policies,3183.04,838.25,0.26
Care Health Insurance Ltd.,2015-16,Government Sponsored Schemes including RSBY,484.45,86.34,0.18
Care Health Insurance Ltd.,2015-16,Group Insurance Schemes excluding Govt. Sponsored Schemes,12785.92,10494.30,0.82
Care Health Insurance Ltd.,2015-16,Family Floater,7135.49,2908.41,0.41
Care Health Insurance Ltd.,2015-16,Individual,5152.79,1594.29,0.31
Care Health Insurance Ltd.,2016-17,Government Sponsored Schemes including RSBY,482.94,873.11,1.81
Care Health Insurance Ltd.,2016-17,Group Insurance Schemes excluding Govt. Sponsored Schemes,15070.22,14203.95,0.94
Care Health Insurance Ltd.,2016-17,Family Floater,13801.62,5208.71,0.38
Care Health Insurance Ltd.,2016-17,Individual,12787.64,2024.92,0.16
Care Health Insurance Ltd.,2017-18,Government Sponsored Schemes including RSBY,725.17,1025.12,1.41
Care Health Insurance Ltd.,2017-18,Group Insurance Schemes excluding Govt Sponsored Schemes,24131.28,20299.53,0.84
Care Health Insurance Ltd.,2017-18,Family Floater,19547.69,8204.33,0.42
Care Health Insurance Ltd.,2017-18,Individual,12645.95,2948.41,0.23
Care Health Insurance Ltd.,2018-19,Government Sponsored Schemes including RSBY & PMJAY,3460.60,5340.80,1.54
Care Health Insurance Ltd.,2018-19,Group Insurance Schemes excluding Govt Sponsored Schemes,41747.44,32072.02,0.77
Care Health Insurance Ltd.,2018-19,Family Floater,29307.53,10766.55,0.37
Care Health Insurance Ltd.,2018-19,Individual,17659.14,6916.59,0.39
Care Health Insurance Ltd.,2019-20,Government Sponsored Schemes including RSBY,13534.14,11127.05,0.82
Care Health Insurance Ltd.,2019-20,Group Insurance Schemes excluding Govt Sponsored Schemes,51695.85,41527.73,0.80
Care Health Insurance Ltd.,2019-20,Family Floater,40049.04,15890.41,0.40
Care Health Insurance Ltd.,2019-20,Individual,24604.88,13079.62,0.53
Care Health Insurance Ltd.,2020-21,Government Sponsored Schemes including RSBY & PMJAY,0.00,-1117.52,
Care Health Insurance Ltd.,2020-21,Group Insurance Schemes excluding Govt Sponsored Schemes,60307.79,44151.61,0.73
Care Health Insurance Ltd.,2020-21,Family Floater,35485.22,28677.08,0.81
Care Health Insurance Ltd.,2020-21,Individual,54513.30,16235.89,0.30
Care Health Insurance Ltd.,2021-22,Government Sponsored Schemes including RSBY & PMJAY,0.00,-388.21,
Care Health Insurance Ltd.,2021-22,Group Insurance Schemes excluding Govt Sponsored Schemes,83533.90,68579.13,0.82
Care Health Insurance Ltd.,2021-22,Family Floater,78194.25,52841.61,0.68
Care Health Insurance Ltd.,2021-22,Individual,52161.16,30074.59,0.58
Cholamandalam MS General Insurance Co. Ltd.,2013-14,Family/Floater Insurance excluding Individual Policies,2410.69,259.21,0.11
Cholamandalam MS General Insurance Co. Ltd.,2013-14,Government Sponsored Schemes  including RSBY,12254.55,7988.85,0.65
Cholamandalam MS General Insurance Co. Ltd.,2013-14,Group Insurance Schemes excluding Govt. Sponsored Schemes,5549.79,3186.41,0.57
Cholamandalam MS General Insurance Co. Ltd.,2013-14,Individual Insurance excluding Family /Floater Policies,786.76,1521.52,1.93
Cholamandalam MS General Insurance Co. Ltd.,2014-15,Family/Floater Insurance excluding Individual Policies,1825.79,1551.30,0.85
Cholamandalam MS General Insurance Co. Ltd.,2014-15,Government Sponsored Schemes including RSBY,3818.07,2198.64,0.58
Cholamandalam MS General Insurance Co. Ltd.,2014-15,Group Insurance Schemes excluding Govt. Sponsored Schemes,8438.49,4463.59,0.53
Cholamandalam MS General Insurance Co. Ltd.,2014-15,Individual Insurance excluding Family /Floater Policies,1036.30,115.91,0.11
Cholamandalam MS General Insurance Co. Ltd.,2015-16,Government Sponsored Schemes including RSBY,1302.06,508.10,0.39
Cholamandalam MS General Insurance Co. Ltd.,2015-16,Group Insurance Schemes excluding Govt. Sponsored Schemes,11642.46,4730.86,0.41
Cholamandalam MS General Insurance Co. Ltd.,2015-16,Family Floater,2276.98,1906.60,0.84
Cholamandalam MS General Insurance Co. Ltd.,2015-16,Individual,1063.49,25.76,0.02
Cholamandalam MS General Insurance Co. Ltd.,2016-17,Government Sponsored Schemes including RSBY,0.00,-0.53,0.00
Cholamandalam MS General Insurance Co. Ltd.,2016-17,Group Insurance Schemes excluding Govt. Sponsored Schemes,15073.89,4627.48,0.31
Cholamandalam MS General Insurance Co. Ltd.,2016-17,Family Floater,2112.06,1245.29,0.59
Cholamandalam MS General Insurance Co. Ltd.,2016-17,Individual,1252.40,931.10,0.74
Cholamandalam MS General Insurance Co. Ltd.,2017-18,Government Sponsored Schemes including RSBY,,24.37,
Cholamandalam MS General Insurance Co. Ltd.,2017-18,Group Insurance Schemes excluding Govt Sponsored Schemes,18481.29,5523.82,0.30
Cholamandalam MS General Insurance Co. Ltd.,2017-18,Family Floater,1784.61,1608.26,0.90
Cholamandalam MS General Insurance Co. Ltd.,2017-18,Individual,976.49,1086.78,1.11
Cholamandalam MS General Insurance Co. Ltd.,2018-19,Government Sponsored Schemes including RSBY & PMJAY,0.00,0.33,
Cholamandalam MS General Insurance Co. Ltd.,2018-19,Group Insurance Schemes excluding Govt Sponsored Schemes,20421.38,6279.79,0.31
Cholamandalam MS General Insurance Co. Ltd.,2018-19,Family Floater,1790.77,1866.36,1.04
Cholamandalam MS General Insurance Co. Ltd.,2018-19,Individual,960.43,985.36,1.03
Cholamandalam MS General Insurance Co. Ltd.,2019-20,Government Sponsored Schemes including RSBY,0.00,0.00,
Cholamandalam MS General Insurance Co. Ltd.,2019-20,Group Insurance Schemes excluding Govt Sponsored Schemes,24103.15,9968.27,0.41
Cholamandalam MS General Insurance Co. Ltd.,2019-20,Family Floater,1749.38,1714.94,0.98
Cholamandalam MS General Insurance Co. Ltd.,2019-20,Individual,1316.81,906.20,0.69
Cholamandalam MS General Insurance Co. Ltd.,2020-21,Government Sponsored Schemes including RSBY & PMJAY,-1361.07,218.69,-0.16
Cholamandalam MS General Insurance Co. Ltd.,2020-21,Group Insurance Schemes excluding Govt Sponsored Schemes,25626.83,26325.42,1.03
Cholamandalam MS General Insurance Co. Ltd.,2020-21,Family Floater,2501.47,1872.60,0.75
Cholamandalam MS General Insurance Co. Ltd.,2020-21,Individual,2001.32,2912.48,1.46
Cholamandalam MS General Insurance Co. Ltd.,2021-22,Government Sponsored Schemes including RSBY & PMJAY,-369.79,0.00,0.00
Cholamandalam MS General Insurance Co. Ltd.,2021-22,Group Insurance Schemes excluding Govt Sponsored Schemes,24437.36,44092.42,1.80
Cholamandalam MS General Insurance Co. Ltd.,2021-22,Family Floater,4387.87,2305.29,0.53
Cholamandalam MS General Insurance Co. Ltd.,2021-22,Individual,1907.61,6178.15,3.24
Edelweiss General Insurance Co. Ltd.,2017-18,Group Insurance Schemes excluding Govt Sponsored Schemes,0.27,0.19,0.70
Edelweiss General Insurance Co. Ltd.,2018-19,Government Sponsored Schemes including RSBY & PMJAY,0.00,0.00,
Edelweiss General Insurance Co. Ltd.,2018-19,Group Insurance Schemes excluding Govt Sponsored Schemes,54.68,38.28,0.70
Edelweiss General Insurance Co. Ltd.,2018-19,Family Floater,20.19,14.14,0.70
Edelweiss General Insurance Co. Ltd.,2018-19,Individual,14.01,9.81,0.70
Edelweiss General Insurance Co. Ltd.,2019-20,Government Sponsored Schemes including RSBY,0.00,0.00,
Edelweiss General Insurance Co. Ltd.,2019-20,Group Insurance Schemes excluding Govt Sponsored Schemes,1694.45,1794.08,1.06
Edelweiss General Insurance Co. Ltd.,2019-20,Family Floater,105.22,74.01,0.70
Edelweiss General Insurance Co. Ltd.,2019-20,Individual,85.01,59.77,0.70
Edelweiss General Insurance Co. Ltd.,2020-21,Government Sponsored Schemes including RSBY & PMJAY,0.00,0.00,
Edelweiss General Insurance Co. Ltd.,2020-21,Group Insurance Schemes excluding Govt Sponsored Schemes,3684.13,3126.66,0.85
Edelweiss General Insurance Co. Ltd.,2020-21,Family Floater,492.72,393.27,0.80
Edelweiss General Insurance Co. Ltd.,2020-21,Individual,573.12,929.05,1.62
Edelweiss General Insurance Co. Ltd.,2021-22,Group Insurance Schemes excluding Govt Sponsored Schemes,6321.84,6791.00,1.07
Edelweiss General Insurance Co. Ltd.,2021-22,Family Floater,579.02,627.29,1.08
Edelweiss General Insurance Co. Ltd.,2021-22,Individual,555.94,1136.74,2.04
Future Generali India Insurance Co. Ltd.,2013-14,Family/Floater Insurance excluding Individual Policies,628.19,549.55,0.87
Future Generali India Insurance Co. Ltd.,2013-14,Government Sponsored Schemes  including RSBY,0.76,0.00,0.00
Future Generali India Insurance Co. Ltd.,2013-14,Group Insurance Schemes excluding Govt. Sponsored Schemes,7778.52,6917.98,0.89
Future Generali India Insurance Co. Ltd.,2013-14,Individual Insurance excluding Family /Floater Policies,560.51,514.77,0.92
Future Generali India Insurance Co. Ltd.,2014-15,Family/Floater Insurance excluding Individual Policies,889.99,777.09,0.87
Future Generali India Insurance Co. Ltd.,2014-15,Government Sponsored Schemes including RSBY,332.94,49.02,0.15
Future Generali India Insurance Co. Ltd.,2014-15,Group Insurance Schemes excluding Govt. Sponsored Schemes,7059.01,7287.74,1.03
Future Generali India Insurance Co. Ltd.,2014-15,Individual Insurance excluding Family /Floater Policies,704.13,698.41,0.99
Future Generali India Insurance Co. Ltd.,2015-16,Government Sponsored Schemes including RSBY,1477.38,711.21,0.48
Future Generali India Insurance Co. Ltd.,2015-16,Group Insurance Schemes excluding Govt. Sponsored Schemes,5908.22,6343.31,1.07
Future Generali India Insurance Co. Ltd.,2015-16,Family Floater,1129.03,1008.37,0.89
Future Generali India Insurance Co. Ltd.,2015-16,Individual,828.93,807.09,0.97
Future Generali India Insurance Co. Ltd.,2016-17,Government Sponsored Schemes including RSBY,1022.00,437.46,0.43
Future Generali India Insurance Co. Ltd.,2016-17,Group Insurance Schemes excluding Govt. Sponsored Schemes,7697.63,7631.74,0.99
Future Generali India Insurance Co. Ltd.,2016-17,Family Floater,1461.18,1243.86,0.85
Future Generali India Insurance Co. Ltd.,2016-17,Individual,1255.03,1006.24,0.80
Future Generali India Insurance Co. Ltd.,2017-18,Government Sponsored Schemes including RSBY,231.51,407.71,1.76
Future Generali India Insurance Co. Ltd.,2017-18,Group Insurance Schemes excluding Govt Sponsored Schemes,12341.84,13059.17,1.06
Future Generali India Insurance Co. Ltd.,2017-18,Family Floater,1244.31,1418.91,1.14
Future Generali India Insurance Co. Ltd.,2017-18,Individual,2289.24,1521.70,0.66
Future Generali India Insurance Co. Ltd.,2018-19,Government Sponsored Schemes including RSBY & PMJAY,163.07,122.16,0.75
Future Generali India Insurance Co. Ltd.,2018-19,Group Insurance Schemes excluding Govt Sponsored Schemes,12876.05,11166.63,0.87
Future Generali India Insurance Co. Ltd.,2018-19,Family Floater,3233.82,2247.55,0.70
Future Generali India Insurance Co. Ltd.,2018-19,Individual,1410.41,1609.35,1.14
Future Generali India Insurance Co. Ltd.,2019-20,Government Sponsored Schemes including RSBY,1.45,28.44,19.57
Future Generali India Insurance Co. Ltd.,2019-20,Group Insurance Schemes excluding Govt Sponsored Schemes,18081.39,12768.05,0.71
Future Generali India Insurance Co. Ltd.,2019-20,Family Floater,4497.70,3463.59,0.77
Future Generali India Insurance Co. Ltd.,2019-20,Individual,1947.64,1702.11,0.87
Future Generali India Insurance Co. Ltd.,2020-21,Government Sponsored Schemes including RSBY & PMJAY,0.00,0.00,
Future Generali India Insurance Co. Ltd.,2020-21,Group Insurance Schemes excluding Govt Sponsored Schemes,19002.02,13092.31,0.69
Future Generali India Insurance Co. Ltd.,2020-21,Family Floater,5967.30,8309.52,1.39
Future Generali India Insurance Co. Ltd.,2020-21,Individual,6251.94,10513.18,1.68
Future Generali India Insurance Co. Ltd.,2021-22,Group Insurance Schemes excluding Govt Sponsored Schemes,20741.11,17800.83,0.86
Future Generali India Insurance Co. Ltd.,2021-22,Family Floater,9801.86,7487.89,0.76
Future Generali India Insurance Co. Ltd.,2021-22,Individual,3906.64,8862.92,2.27
Go Digit General Insurance Ltd.,2018-19,Government Sponsored Schemes including RSBY & PMJAY,0.00,0.00,
Go Digit General Insurance Ltd.,2018-19,Group Insurance Schemes excluding Govt Sponsored Schemes,70.26,14.45,0.21
Go Digit General Insurance Ltd.,2018-19,Family Floater,0.00,0.00,
Go Digit General Insurance Ltd.,2018-19,Individual,0.00,0.00,
Go Digit General Insurance Ltd.,2019-20,Government Sponsored Schemes including RSBY,0.00,0.00,
Go Digit General Insurance Ltd.,2019-20,Group Insurance Schemes excluding Govt Sponsored Schemes,509.67,530.55,1.04
Go Digit General Insurance Ltd.,2019-20,Family Floater,29.58,19.23,0.65
Go Digit General Insurance Ltd.,2019-20,Individual,23.05,14.98,0.65
Go Digit General Insurance Ltd.,2020-21,Government Sponsored Schemes including RSBY & PMJAY,0.00,0.00,
Go Digit General Insurance Ltd.,2020-21,Group Insurance Schemes excluding Govt Sponsored Schemes,8636.77,6103.53,0.71
Go Digit General Insurance Ltd.,2020-21,Family Floater,441.13,359.21,0.81
Go Digit General Insurance Ltd.,2020-21,Individual,198.40,161.56,0.81
Go Digit General Insurance Ltd.,2021-22,Group Insurance Schemes excluding Govt Sponsored Schemes,29101.78,13538.52,0.47
Go Digit General Insurance Ltd.,2021-22,Family Floater,1166.23,924.55,0.79
Go Digit General Insurance Ltd.,2021-22,Individual,535.04,424.16,0.79
HDFC ERGO General Insurance Co. Ltd.^,2013-14,Family/Floater Insurance excluding Individual Policies,91.94,141.16,1.54
HDFC ERGO General Insurance Co. Ltd.^,2013-14,Government Sponsored Schemes  including RSBY,430.70,64.14,0.15
HDFC ERGO General Insurance Co. Ltd.^,2013-14,Group Insurance Schemes excluding Govt. Sponsored Schemes,3248.14,3644.82,1.12
HDFC ERGO General Insurance Co. Ltd.^,2013-14,Individual Insurance excluding Family /Floater Policies,633.49,141.92,0.22
HDFC ERGO General Insurance Co. Ltd.^,2014-15,Family/Floater Insurance excluding Individual Policies,1123.71,531.88,0.47
HDFC ERGO General Insurance Co. Ltd.^,2014-15,Government Sponsored Schemes including RSBY,260.17,3.13,0.01
HDFC ERGO General Insurance Co. Ltd.^,2014-15,Group Insurance Schemes excluding Govt. Sponsored Schemes,856.81,519.66,0.61
HDFC ERGO General Insurance Co. Ltd.^,2014-15,Individual Insurance excluding Family /Floater Policies,1121.90,531.02,0.47
HDFC ERGO General Insurance Co. Ltd.^,2015-16,Government Sponsored Schemes including RSBY,241.18,20.27,0.08
HDFC ERGO General Insurance Co. Ltd.^,2015-16,Group Insurance Schemes excluding Govt. Sponsored Schemes,543.87,182.17,0.33
HDFC ERGO General Insurance Co. Ltd.^,2015-16,Family Floater,2082.90,987.15,0.47
HDFC ERGO General Insurance Co. Ltd.^,2015-16,Individual,1892.17,884.65,0.47
HDFC ERGO General Insurance Co. Ltd.^,2016-17,Government Sponsored Schemes including RSBY,-0.54,0.00,0.00
HDFC ERGO General Insurance Co. Ltd.^,2016-17,Group Insurance Schemes excluding Govt. Sponsored Schemes,321.79,206.67,0.64
HDFC ERGO General Insurance Co. Ltd.^,2016-17,Family Floater,1382.77,633.51,0.46
HDFC ERGO General Insurance Co. Ltd.^,2016-17,Individual,3139.66,1734.46,0.55
HDFC ERGO General Insurance Co. Ltd.^^,2013-14,Family/Floater Insurance excluding Individual Policies,6098.01,2304.16,0.38
HDFC ERGO General Insurance Co. Ltd.^^,2013-14,Government Sponsored Schemes  including RSBY,1826.41,1424.90,0.78
HDFC ERGO General Insurance Co. Ltd.^^,2013-14,Group Insurance Schemes excluding Govt. Sponsored Schemes,22437.08,28145.61,1.25
HDFC ERGO General Insurance Co. Ltd.^^,2013-14,Individual Insurance excluding Family /Floater Policies,7455.85,1665.29,0.22
HDFC ERGO General Insurance Co. Ltd.^^,2014-15,Family/Floater Insurance excluding Individual Policies,14254.91,4006.16,0.28
HDFC ERGO General Insurance Co. Ltd.^^,2014-15,Government Sponsored Schemes including RSBY,1760.97,1795.06,1.02
HDFC ERGO General Insurance Co. Ltd.^^,2014-15,Group Insurance Schemes excluding Govt. Sponsored Schemes,9647.95,9561.44,0.99
HDFC ERGO General Insurance Co. Ltd.^^,2014-15,Individual Insurance excluding Family /Floater Policies,2663.58,3538.52,1.33
HDFC ERGO General Insurance Co. Ltd.^^,2015-16,Government Sponsored Schemes including RSBY,0.14,,
HDFC ERGO General Insurance Co. Ltd.^^,2015-16,Group Insurance Schemes excluding Govt. Sponsored Schemes,9158.74,9350.71,1.02
HDFC ERGO General Insurance Co. Ltd.^^,2015-16,Family Floater,9712.76,5305.20,0.55
HDFC ERGO General Insurance Co. Ltd.^^,2015-16,Individual,9954.70,2936.01,0.29
HDFC ERGO General Insurance Co. Ltd.^^,2016-17,Group Insurance Schemes excluding Govt. Sponsored Schemes,10761.16,10713.25,1.00
HDFC ERGO General Insurance Co. Ltd.^^,2016-17,Family Floater,16339.83,6394.60,0.39
HDFC ERGO General Insurance Co. Ltd.^^,2016-17,Individual,6112.17,3318.50,0.54
HDFC ERGO General Insurance Co. Ltd.^^,2017-18,Group Insurance Schemes excluding Govt Sponsored Schemes,14584.22,14537.45,1.00
HDFC ERGO General Insurance Co. Ltd.^^,2017-18,Family Floater,21106.55,12713.85,0.60
HDFC ERGO General Insurance Co. Ltd.^^,2017-18,Individual,9188.58,2755.90,0.30
HDFC ERGO General Insurance Co. Ltd.^^,2018-19,Government Sponsored Schemes including RSBY & PMJAY,5160.73,1733.70,0.34
HDFC ERGO General Insurance Co. Ltd.^^,2018-19,Group Insurance Schemes excluding Govt Sponsored Schemes,23500.18,28517.17,1.21
HDFC ERGO General Insurance Co. Ltd.^^,2018-19,Family Floater,24521.59,17636.17,0.72
HDFC ERGO General Insurance Co. Ltd.^^,2018-19,Individual,11619.05,4942.83,0.43
HDFC ERGO General Insurance Co. Ltd.^^,2019-20,Government Sponsored Schemes including RSBY,5994.65,5620.15,0.94
HDFC ERGO General Insurance Co. Ltd.^^,2019-20,Group Insurance Schemes excluding Govt Sponsored Schemes,20906.22,20733.77,0.99
HDFC ERGO General Insurance Co. Ltd.^^,2019-20,Family Floater,28741.22,24106.12,0.84
HDFC ERGO General Insurance Co. Ltd.^^,2019-20,Individual,12490.27,7600.94,0.61
HDFC ERGO General Insurance Co. Ltd.^^,2020-21,Government Sponsored Schemes including RSBY & PMJAY,9.95,-634.17,-63.72
HDFC ERGO General Insurance Co. Ltd.^^,2020-21,Group Insurance Schemes excluding Govt Sponsored Schemes,73906.86,69073.77,0.93
HDFC ERGO General Insurance Co. Ltd.^^,2020-21,Family Floater,104450.68,78445.92,0.75
HDFC ERGO General Insurance Co. Ltd.^^,2020-21,Individual,71044.82,66189.66,0.93
HDFC ERGO General Insurance Co. Ltd.^^,2021-22,Group Insurance Schemes excluding Govt Sponsored Schemes,73523.95,77995.17,1.06
HDFC ERGO General Insurance Co. Ltd.^^,2021-22,Family Floater,137712.68,148855.68,1.08
HDFC ERGO General Insurance Co. Ltd.^^,2021-22,Individual,51725.66,56702.90,1.10
HDFC ERGO Health Insurance Co. Ltd.*,2013-14,Family/Floater Insurance excluding Individual Policies,21783.71,11622.85,0.53
HDFC ERGO Health Insurance Co. Ltd.*,2013-14,Government Sponsored Schemes  including RSBY,1538.99,854.29,0.56
HDFC ERGO Health Insurance Co. Ltd.*,2013-14,Group Insurance Schemes excluding Govt. Sponsored Schemes,16360.41,15233.81,0.93
HDFC ERGO Health Insurance Co. Ltd.*,2013-14,Individual Insurance excluding Family /Floater Policies,12277.70,7474.08,0.61
HDFC ERGO Health Insurance Co. Ltd.*,2014-15,Family/Floater Insurance excluding Individual Policies,27266.38,14901.24,0.55
HDFC ERGO Health Insurance Co. Ltd.*,2014-15,Government Sponsored Schemes including RSBY,315.47,37.54,0.12
HDFC ERGO Health Insurance Co. Ltd.*,2014-15,Group Insurance Schemes excluding Govt. Sponsored Schemes,19404.93,16593.65,0.86
HDFC ERGO Health Insurance Co. Ltd.*,2014-15,Individual Insurance excluding Family /Floater Policies,14901.70,9047.93,0.61
HDFC ERGO Health Insurance Co. Ltd.*,2015-16,Government Sponsored Schemes including RSBY,0.00,17.69,0.00
HDFC ERGO Health Insurance Co. Ltd.*,2015-16,Group Insurance Schemes excluding Govt. Sponsored Schemes,25106.83,20856.97,0.83
HDFC ERGO Health Insurance Co. Ltd.*,2015-16,Family Floater,25309.43,15569.98,0.62
HDFC ERGO Health Insurance Co. Ltd.*,2015-16,Individual,21050.27,12502.59,0.59
HDFC ERGO Health Insurance Co. Ltd.*,2016-17,Government Sponsored Schemes including RSBY,0.00,1.90,0.00
HDFC ERGO Health Insurance Co. Ltd.*,2016-17,Group Insurance Schemes excluding Govt. Sponsored Schemes,35550.57,26203.94,0.74
HDFC ERGO Health Insurance Co. Ltd.*,2016-17,Family Floater,40173.92,20518.99,0.51
HDFC ERGO Health Insurance Co. Ltd.*,2016-17,Individual,25457.70,12622.64,0.50
HDFC ERGO Health Insurance Co. Ltd.*,2017-18,Group Insurance Schemes excluding Govt Sponsored Schemes,40705.89,33784.13,0.83
HDFC ERGO Health Insurance Co. Ltd.*,2017-18,Family Floater,51760.16,30230.51,0.58
HDFC ERGO Health Insurance Co. Ltd.*,2017-18,Individual,21914.72,13267.34,0.61
HDFC ERGO Health Insurance Co. Ltd.*,2018-19,Government Sponsored Schemes including RSBY & PMJAY,492.14,525.72,1.07
HDFC ERGO Health Insurance Co. Ltd.*,2018-19,Group Insurance Schemes excluding Govt Sponsored Schemes,50995.92,41489.07,0.81
HDFC ERGO Health Insurance Co. Ltd.*,2018-19,Family Floater,71096.11,43590.12,0.61
HDFC ERGO Health Insurance Co. Ltd.*,2018-19,Individual,27364.77,15651.18,0.57
HDFC ERGO Health Insurance Co. Ltd.*,2019-20,Government Sponsored Schemes including RSBY,502.09,342.18,0.68
HDFC ERGO Health Insurance Co. Ltd.*,2019-20,Group Insurance Schemes excluding Govt Sponsored Schemes,60257.33,59186.93,0.98
HDFC ERGO Health Insurance Co. Ltd.*,2019-20,Family Floater,84646.50,58187.65,0.69
HDFC ERGO Health Insurance Co. Ltd.*,2019-20,Individual,31377.96,19934.55,0.64
HDFC ERGO Health Insurance Co. Ltd.*,2020-21,Government Sponsored Schemes including RSBY & PMJAY,0.00,0.00,
HDFC ERGO Health Insurance Co. Ltd.*,2020-21,Group Insurance Schemes excluding Govt Sponsored Schemes,0.00,0.00,
HDFC ERGO Health Insurance Co. Ltd.*,2020-21,Family Floater,0.00,0.00,
HDFC ERGO Health Insurance Co. Ltd.*,2020-21,Individual,0.00,0.00,
ICICI Lombard General Insurance Co. Ltd.,2013-14,Family/Floater Insurance excluding Individual Policies,10246.79,7871.65,0.77
ICICI Lombard General Insurance Co. Ltd.,2013-14,Government Sponsored Schemes  including RSBY,29632.28,25925.29,0.87
ICICI Lombard General Insurance Co. Ltd.,2013-14,Group Insurance Schemes excluding Govt. Sponsored Schemes,62657.59,65388.00,1.04
ICICI Lombard General Insurance Co. Ltd.,2013-14,Individual Insurance excluding Family /Floater Policies,12335.01,8016.79,0.65
ICICI Lombard General Insurance Co. Ltd.,2014-15,Family/Floater Insurance excluding Individual Policies,12006.82,7669.61,0.64
ICICI Lombard General Insurance Co. Ltd.,2014-15,Government Sponsored Schemes including RSBY,14727.66,13187.60,0.90
ICICI Lombard General Insurance Co. Ltd.,2014-15,Group Insurance Schemes excluding Govt. Sponsored Schemes,53305.46,54572.09,1.02
ICICI Lombard General Insurance Co. Ltd.,2014-15,Individual Insurance excluding Family /Floater Policies,14692.96,8999.09,0.61
ICICI Lombard General Insurance Co. Ltd.,2015-16,Government Sponsored Schemes including RSBY,9185.31,8275.28,0.90
ICICI Lombard General Insurance Co. Ltd.,2015-16,Group Insurance Schemes excluding Govt. Sponsored Schemes,51517.69,49749.33,0.97
ICICI Lombard General Insurance Co. Ltd.,2015-16,Family Floater,14629.44,9630.77,0.66
ICICI Lombard General Insurance Co. Ltd.,2015-16,Individual,18204.81,10391.88,0.57
ICICI Lombard General Insurance Co. Ltd.,2016-17,Government Sponsored Schemes including RSBY,23939.33,32284.35,1.35
ICICI Lombard General Insurance Co. Ltd.,2016-17,Group Insurance Schemes excluding Govt. Sponsored Schemes,54944.17,57043.63,1.04
ICICI Lombard General Insurance Co. Ltd.,2016-17,Family Floater,16103.90,10651.83,0.66
ICICI Lombard General Insurance Co. Ltd.,2016-17,Individual,20503.71,13031.09,0.64
ICICI Lombard General Insurance Co. Ltd.,2017-18,Government Sponsored Schemes including RSBY,3704.45,3990.19,1.08
ICICI Lombard General Insurance Co. Ltd.,2017-18,Group Insurance Schemes excluding Govt Sponsored Schemes,64789.32,57729.23,0.89
ICICI Lombard General Insurance Co. Ltd.,2017-18,Family Floater,19528.80,11752.03,0.60
ICICI Lombard General Insurance Co. Ltd.,2017-18,Individual,23435.51,13013.52,0.56
ICICI Lombard General Insurance Co. Ltd.,2018-19,Government Sponsored Schemes including RSBY & PMJAY,805.55,1775.23,2.20
ICICI Lombard General Insurance Co. Ltd.,2018-19,Group Insurance Schemes excluding Govt Sponsored Schemes,100522.33,94373.42,0.94
ICICI Lombard General Insurance Co. Ltd.,2018-19,Family Floater,22557.55,14133.37,0.63
ICICI Lombard General Insurance Co. Ltd.,2018-19,Individual,27178.66,18086.94,0.67
ICICI Lombard General Insurance Co. Ltd.,2019-20,Government Sponsored Schemes including RSBY,175.68,-366.62,-2.09
ICICI Lombard General Insurance Co. Ltd.,2019-20,Group Insurance Schemes excluding Govt Sponsored Schemes,118631.46,110643.49,0.93
ICICI Lombard General Insurance Co. Ltd.,2019-20,Family Floater,27481.13,17312.47,0.63
ICICI Lombard General Insurance Co. Ltd.,2019-20,Individual,23900.20,14755.95,0.62
ICICI Lombard General Insurance Co. Ltd.,2020-21,Government Sponsored Schemes including RSBY & PMJAY,0.00,-2.97,
ICICI Lombard General Insurance Co. Ltd.,2020-21,Group Insurance Schemes excluding Govt Sponsored Schemes,146820.04,141281.22,0.96
ICICI Lombard General Insurance Co. Ltd.,2020-21,Family Floater,34333.80,24322.01,0.71
ICICI Lombard General Insurance Co. Ltd.,2020-21,Individual,26927.69,20777.00,0.77
ICICI Lombard General Insurance Co. Ltd.,2021-22,Government Sponsored Schemes including RSBY & PMJAY,0.00,-20.36,
ICICI Lombard General Insurance Co. Ltd.,2021-22,Group Insurance Schemes excluding Govt Sponsored Schemes,209670.96,220046.38,1.05
ICICI Lombard General Insurance Co. Ltd.,2021-22,Family Floater,44297.57,41163.49,0.93
ICICI Lombard General Insurance Co. Ltd.,2021-22,Individual,30469.17,27871.22,0.91
IFFCO Tokio General Insurance Co. Ltd.,2013-14,Family/Floater Insurance excluding Individual Policies,1305.29,947.48,0.73
IFFCO Tokio General Insurance Co. Ltd.,2013-14,Government Sponsored Schemes  including RSBY,6734.51,4805.11,0.71
IFFCO Tokio General Insurance Co. Ltd.,2013-14,Group Insurance Schemes excluding Govt. Sponsored Schemes,9661.41,9751.88,1.01
IFFCO Tokio General Insurance Co. Ltd.,2013-14,Individual Insurance excluding Family /Floater Policies,1762.30,1353.61,0.77
IFFCO Tokio General Insurance Co. Ltd.,2014-15,Family/Floater Insurance excluding Individual Policies,2741.39,2030.88,0.74
IFFCO Tokio General Insurance Co. Ltd.,2014-15,Government Sponsored Schemes including RSBY,8146.11,6185.58,0.76
IFFCO Tokio General Insurance Co. Ltd.,2014-15,Group Insurance Schemes excluding Govt. Sponsored Schemes,13702.96,14948.32,1.09
IFFCO Tokio General Insurance Co. Ltd.,2014-15,Individual Insurance excluding Family /Floater Policies,2183.98,1672.71,0.77
IFFCO Tokio General Insurance Co. Ltd.,2015-16,Government Sponsored Schemes including RSBY,8904.03,7671.08,0.86
IFFCO Tokio General Insurance Co. Ltd.,2015-16,Group Insurance Schemes excluding Govt. Sponsored Schemes,21595.72,25641.06,1.19
IFFCO Tokio General Insurance Co. Ltd.,2015-16,Family Floater,4487.55,3897.34,0.87
IFFCO Tokio General Insurance Co. Ltd.,2015-16,Individual,2445.04,1935.62,0.79
IFFCO Tokio General Insurance Co. Ltd.,2016-17,Government Sponsored Schemes including RSBY,7938.82,6015.59,0.76
IFFCO Tokio General Insurance Co. Ltd.,2016-17,Group Insurance Schemes excluding Govt. Sponsored Schemes,29152.19,35493.22,1.22
IFFCO Tokio General Insurance Co. Ltd.,2016-17,Family Floater,6650.18,5699.71,0.86
IFFCO Tokio General Insurance Co. Ltd.,2016-17,Individual,2578.26,2059.92,0.80
IFFCO Tokio General Insurance Co. Ltd.,2017-18,Government Sponsored Schemes including RSBY,9051.45,6059.27,0.67
IFFCO Tokio General Insurance Co. Ltd.,2017-18,Group Insurance Schemes excluding Govt Sponsored Schemes,24479.51,23969.64,0.98
IFFCO Tokio General Insurance Co. Ltd.,2017-18,Family Floater,8177.22,7089.50,0.87
IFFCO Tokio General Insurance Co. Ltd.,2017-18,Individual,2745.70,2255.34,0.82
IFFCO Tokio General Insurance Co. Ltd.,2018-19,Government Sponsored Schemes including RSBY & PMJAY,6011.66,5195.00,0.86
IFFCO Tokio General Insurance Co. Ltd.,2018-19,Group Insurance Schemes excluding Govt Sponsored Schemes,54111.46,57288.00,1.06
IFFCO Tokio General Insurance Co. Ltd.,2018-19,Family Floater,9553.98,8857.00,0.93
IFFCO Tokio General Insurance Co. Ltd.,2018-19,Individual,2851.92,2653.16,0.93
IFFCO Tokio General Insurance Co. Ltd.,2019-20,Government Sponsored Schemes including RSBY,5216.72,6190.08,1.19
IFFCO Tokio General Insurance Co. Ltd.,2019-20,Group Insurance Schemes excluding Govt Sponsored Schemes,80781.94,79988.19,0.99
IFFCO Tokio General Insurance Co. Ltd.,2019-20,Family Floater,10771.99,8645.28,0.80
IFFCO Tokio General Insurance Co. Ltd.,2019-20,Individual,3243.54,2616.67,0.81
IFFCO Tokio General Insurance Co. Ltd.,2020-21,Government Sponsored Schemes including RSBY & PMJAY,18646.02,20933.22,1.12
IFFCO Tokio General Insurance Co. Ltd.,2020-21,Group Insurance Schemes excluding Govt Sponsored Schemes,90023.76,87271.55,0.97
IFFCO Tokio General Insurance Co. Ltd.,2020-21,Family Floater,11874.16,9761.39,0.82
IFFCO Tokio General Insurance Co. Ltd.,2020-21,Individual,5934.92,11343.46,1.91
IFFCO Tokio General Insurance Co. Ltd.,2021-22,Government Sponsored Schemes including RSBY & PMJAY,13187.56,17612.96,1.34
IFFCO Tokio General Insurance Co. Ltd.,2021-22,Group Insurance Schemes excluding Govt Sponsored Schemes,105655.20,139239.17,1.32
IFFCO Tokio General Insurance Co. Ltd.,2021-22,Family Floater,12839.64,13555.32,1.06
IFFCO Tokio General Insurance Co. Ltd.,2021-22,Individual,5684.57,14291.62,2.51
Kotak Mahindra General Insurance Co. Ltd.,2016-17,Family Floater,208.02,63.77,0.31
Kotak Mahindra General Insurance Co. Ltd.,2016-17,Individual,157.46,104.24,0.66
Kotak Mahindra General Insurance Co. Ltd.,2017-18,Group Insurance Schemes excluding Govt Sponsored Schemes,66.03,60.29,0.91
Kotak Mahindra General Insurance Co. Ltd.,2017-18,Family Floater,693.74,220.13,0.32
Kotak Mahindra General Insurance Co. Ltd.,2017-18,Individual,536.44,167.96,0.31
Kotak Mahindra General Insurance Co. Ltd.,2018-19,Government Sponsored Schemes including RSBY & PMJAY,0.00,0.00,
Kotak Mahindra General Insurance Co. Ltd.,2018-19,Group Insurance Schemes excluding Govt Sponsored Schemes,1789.30,788.99,0.44
Kotak Mahindra General Insurance Co. Ltd.,2018-19,Family Floater,2209.41,493.34,0.22
Kotak Mahindra General Insurance Co. Ltd.,2018-19,Individual,1774.20,268.60,0.15
Kotak Mahindra General Insurance Co. Ltd.,2019-20,Government Sponsored Schemes including RSBY,0.00,0.00,
Kotak Mahindra General Insurance Co. Ltd.,2019-20,Group Insurance Schemes excluding Govt Sponsored Schemes,3356.03,1665.77,0.50
Kotak Mahindra General Insurance Co. Ltd.,2019-20,Family Floater,1807.01,754.09,0.42
Kotak Mahindra General Insurance Co. Ltd.,2019-20,Individual,1308.07,544.87,0.42
Kotak Mahindra General Insurance Co. Ltd.,2020-21,Government Sponsored Schemes including RSBY & PMJAY,0.00,0.00,
Kotak Mahindra General Insurance Co. Ltd.,2020-21,Group Insurance Schemes excluding Govt Sponsored Schemes,6719.05,3015.11,0.45
Kotak Mahindra General Insurance Co. Ltd.,2020-21,Family Floater,3039.94,1342.05,0.44
Kotak Mahindra General Insurance Co. Ltd.,2020-21,Individual,2485.58,1154.31,0.46
Kotak Mahindra General Insurance Co. Ltd.,2021-22,Group Insurance Schemes excluding Govt Sponsored Schemes,9753.00,5565.70,0.57
Kotak Mahindra General Insurance Co. Ltd.,2021-22,Family Floater,3842.83,2571.06,0.67
Kotak Mahindra General Insurance Co. Ltd.,2021-22,Individual,2862.12,3458.55,1.21
Liberty General Insurance Ltd.,2013-14,Group Insurance Schemes excluding Govt. Sponsored Schemes,40.55,16.15,0.40
Liberty General Insurance Ltd.,2014-15,Family/Floater Insurance excluding Individual Policies,1.35,0.00,0.00
Liberty General Insurance Ltd.,2014-15,Group Insurance Schemes excluding Govt. Sponsored Schemes,2233.53,2471.82,1.11
Liberty General Insurance Ltd.,2014-15,Individual Insurance excluding Family /Floater Policies,0.49,1.20,2.46
Liberty General Insurance Ltd.,2015-16,Group Insurance Schemes excluding Govt. Sponsored Schemes,5241.82,5536.32,1.06
Liberty General Insurance Ltd.,2015-16,Family Floater,49.43,23.78,0.48
Liberty General Insurance Ltd.,2015-16,Individual,47.61,55.62,1.17
Liberty General Insurance Ltd.,2016-17,Group Insurance Schemes excluding Govt. Sponsored Schemes,5549.67,4670.71,0.84
Liberty General Insurance Ltd.,2016-17,Family Floater,201.00,144.15,0.72
Liberty General Insurance Ltd.,2016-17,Individual,258.52,98.31,0.38
Liberty General Insurance Ltd.,2017-18,Group Insurance Schemes excluding Govt Sponsored Schemes,7618.85,6173.96,0.81
Liberty General Insurance Ltd.,2017-18,Family Floater,567.92,211.94,0.37
Liberty General Insurance Ltd.,2017-18,Individual,466.24,118.47,0.25
Liberty General Insurance Ltd.,2018-19,Government Sponsored Schemes including RSBY & PMJAY,0.00,0.00,
Liberty General Insurance Ltd.,2018-19,Group Insurance Schemes excluding Govt Sponsored Schemes,11790.96,10009.81,0.85
Liberty General Insurance Ltd.,2018-19,Family Floater,1071.72,420.22,0.39
Liberty General Insurance Ltd.,2018-19,Individual,615.87,114.62,0.19
Liberty General Insurance Ltd.,2019-20,Government Sponsored Schemes including RSBY,0.00,0.00,
Liberty General Insurance Ltd.,2019-20,Group Insurance Schemes excluding Govt Sponsored Schemes,19030.18,16754.66,0.88
Liberty General Insurance Ltd.,2019-20,Family Floater,1460.63,877.78,0.60
Liberty General Insurance Ltd.,2019-20,Individual,717.11,250.62,0.35
Liberty General Insurance Ltd.,2020-21,Government Sponsored Schemes including RSBY & PMJAY,0.00,0.00,
Liberty General Insurance Ltd.,2020-21,Group Insurance Schemes excluding Govt Sponsored Schemes,19141.81,14418.19,0.75
Liberty General Insurance Ltd.,2020-21,Family Floater,2117.74,1354.55,0.64
Liberty General Insurance Ltd.,2020-21,Individual,892.60,374.18,0.42
Liberty General Insurance Ltd.,2021-22,Group Insurance Schemes excluding Govt Sponsored Schemes,16559.29,15254.12,0.92
Liberty General Insurance Ltd.,2021-22,Family Floater,2176.28,2477.94,1.14
Liberty General Insurance Ltd.,2021-22,Individual,1431.06,733.29,0.51
Magma HDI General Insurance Co. Ltd.,2014-15,Individual Insurance excluding Family /Floater Policies,0.01,0.00,0.00
Magma HDI General Insurance Co. Ltd.,2017-18,Group Insurance Schemes excluding Govt Sponsored Schemes,12.33,,0.00
Magma HDI General Insurance Co. Ltd.,2017-18,Family Floater,8.82,0.16,0.02
Magma HDI General Insurance Co. Ltd.,2017-18,Individual,72.05,45.35,0.63
Magma HDI General Insurance Co. Ltd.,2018-19,Government Sponsored Schemes including RSBY & PMJAY,0.00,0.00,
Magma HDI General Insurance Co. Ltd.,2018-19,Group Insurance Schemes excluding Govt Sponsored Schemes,4666.92,3267.71,0.70
Magma HDI General Insurance Co. Ltd.,2018-19,Family Floater,201.67,47.96,0.24
Magma HDI General Insurance Co. Ltd.,2018-19,Individual,40.83,29.93,0.73
Magma HDI General Insurance Co. Ltd.,2019-20,Government Sponsored Schemes including RSBY,0.00,0.00,
Magma HDI General Insurance Co. Ltd.,2019-20,Group Insurance Schemes excluding Govt Sponsored Schemes,2304.22,2106.68,0.91
Magma HDI General Insurance Co. Ltd.,2019-20,Family Floater,294.82,71.83,0.24
Magma HDI General Insurance Co. Ltd.,2019-20,Individual,269.61,51.48,0.19
Magma HDI General Insurance Co. Ltd.,2020-21,Government Sponsored Schemes including RSBY & PMJAY,0.00,0.00,
Magma HDI General Insurance Co. Ltd.,2020-21,Group Insurance Schemes excluding Govt Sponsored Schemes,2828.04,1871.62,0.66
Magma HDI General Insurance Co. Ltd.,2020-21,Family Floater,976.25,403.31,0.41
Magma HDI General Insurance Co. Ltd.,2020-21,Individual,1075.64,222.71,0.21
Magma HDI General Insurance Co. Ltd.,2021-22,Group Insurance Schemes excluding Govt Sponsored Schemes,5487.54,3952.91,0.72
Magma HDI General Insurance Co. Ltd.,2021-22,Family Floater,1590.90,1158.93,0.73
Magma HDI General Insurance Co. Ltd.,2021-22,Individual,1087.13,476.47,0.44
ManipalCigna Health Insurance Co. Ltd.,2013-14,Family/Floater Insurance excluding Individual Policies,23.37,0.00,0.00
ManipalCigna Health Insurance Co. Ltd.,2013-14,Individual Insurance excluding Family /Floater Policies,14.32,0.00,0.00
ManipalCigna Health Insurance Co. Ltd.,2014-15,Family/Floater Insurance excluding Individual Policies,323.43,200.08,0.62
ManipalCigna Health Insurance Co. Ltd.,2014-15,Group Insurance Schemes excluding Govt. Sponsored Schemes,183.64,128.55,0.70
ManipalCigna Health Insurance Co. Ltd.,2014-15,Individual Insurance excluding Family /Floater Policies,158.59,99.75,0.63
ManipalCigna Health Insurance Co. Ltd.,2015-16,Group Insurance Schemes excluding Govt. Sponsored Schemes,3656.36,2526.58,0.69
ManipalCigna Health Insurance Co. Ltd.,2015-16,Family Floater,2019.30,724.55,0.36
ManipalCigna Health Insurance Co. Ltd.,2015-16,Individual,1262.40,479.36,0.38
ManipalCigna Health Insurance Co. Ltd.,2016-17,Group Insurance Schemes excluding Govt. Sponsored Schemes,3735.50,4113.53,1.10
ManipalCigna Health Insurance Co. Ltd.,2016-17,Family Floater,6130.09,1989.06,0.32
ManipalCigna Health Insurance Co. Ltd.,2016-17,Individual,7005.11,2384.74,0.34
ManipalCigna Health Insurance Co. Ltd.,2017-18,Group Insurance Schemes excluding Govt Sponsored Schemes,7242.07,4306.61,0.59
ManipalCigna Health Insurance Co. Ltd.,2017-18,Family Floater,9378.52,4681.07,0.50
ManipalCigna Health Insurance Co. Ltd.,2017-18,Individual,8418.31,3131.69,0.37
ManipalCigna Health Insurance Co. Ltd.,2018-19,Government Sponsored Schemes including RSBY & PMJAY,0.00,0.00,
ManipalCigna Health Insurance Co. Ltd.,2018-19,Group Insurance Schemes excluding Govt Sponsored Schemes,14617.25,11574.02,0.79
ManipalCigna Health Insurance Co. Ltd.,2018-19,Family Floater,13457.72,8357.38,0.62
ManipalCigna Health Insurance Co. Ltd.,2018-19,Individual,9565.17,4062.91,0.42
ManipalCigna Health Insurance Co. Ltd.,2019-20,Government Sponsored Schemes including RSBY,0.00,0.00,
ManipalCigna Health Insurance Co. Ltd.,2019-20,Group Insurance Schemes excluding Govt Sponsored Schemes,21693.09,14606.99,0.67
ManipalCigna Health Insurance Co. Ltd.,2019-20,Family Floater,15637.80,9829.87,0.63
ManipalCigna Health Insurance Co. Ltd.,2019-20,Individual,11870.22,6439.88,0.54
ManipalCigna Health Insurance Co. Ltd.,2020-21,Government Sponsored Schemes including RSBY & PMJAY,0.00,0.00,
ManipalCigna Health Insurance Co. Ltd.,2020-21,Group Insurance Schemes excluding Govt Sponsored Schemes,28722.28,16653.20,0.58
ManipalCigna Health Insurance Co. Ltd.,2020-21,Family Floater,16926.61,11616.21,0.69
ManipalCigna Health Insurance Co. Ltd.,2020-21,Individual,16564.68,10278.44,0.62
ManipalCigna Health Insurance Co. Ltd.,2021-22,Group Insurance Schemes excluding Govt Sponsored Schemes,40297.59,28332.29,0.70
ManipalCigna Health Insurance Co. Ltd.,2021-22,Family Floater,18434.96,18722.29,1.02
ManipalCigna Health Insurance Co. Ltd.,2021-22,Individual,22537.73,15536.69,0.69
National Insurance Co. Ltd.,2013-14,Family/Floater Insurance excluding Individual Policies,13161.44,13682.67,1.04
National Insurance Co. Ltd.,2013-14,Government Sponsored Schemes  including RSBY,44974.92,37655.30,0.84
National Insurance Co. Ltd.,2013-14,Group Insurance Schemes excluding Govt. Sponsored Schemes,118279.57,139969.47,1.18
National Insurance Co. Ltd.,2013-14,Individual Insurance excluding Family /Floater Policies,90991.87,88523.04,0.97
National Insurance Co. Ltd.,2014-15,Family/Floater Insurance excluding Individual Policies,15880.05,16417.31,1.03
National Insurance Co. Ltd.,2014-15,Government Sponsored Schemes including RSBY,78655.39,74461.09,0.95
National Insurance Co. Ltd.,2014-15,Group Insurance Schemes excluding Govt. Sponsored Schemes,164927.37,211107.03,1.28
National Insurance Co. Ltd.,2014-15,Individual Insurance excluding Family /Floater Policies,99446.27,102423.64,1.03
National Insurance Co. Ltd.,2015-16,Government Sponsored Schemes including RSBY,90454.23,100767.77,1.11
National Insurance Co. Ltd.,2015-16,Group Insurance Schemes excluding Govt. Sponsored Schemes,168096.99,214257.13,1.27
National Insurance Co. Ltd.,2015-16,Family Floater,25220.66,34183.38,1.36
National Insurance Co. Ltd.,2015-16,Individual,105572.91,86437.32,0.82
National Insurance Co. Ltd.,2016-17,Government Sponsored Schemes including RSBY,80046.00,101304.51,1.27
National Insurance Co. Ltd.,2016-17,Group Insurance Schemes excluding Govt. Sponsored Schemes,170240.00,254527.00,1.50
National Insurance Co. Ltd.,2016-17,Family Floater,36045.00,35538.37,0.99
National Insurance Co. Ltd.,2016-17,Individual,88342.00,86525.93,0.98
National Insurance Co. Ltd.,2017-18,Government Sponsored Schemes including RSBY,92276.00,105809.00,1.15
National Insurance Co. Ltd.,2017-18,Group Insurance Schemes excluding Govt Sponsored Schemes,169506.00,211337.00,1.25
National Insurance Co. Ltd.,2017-18,Family Floater,34388.00,48121.00,1.40
National Insurance Co. Ltd.,2017-18,Individual,78183.00,70995.00,0.91
National Insurance Co. Ltd.,2018-19,Government Sponsored Schemes including RSBY & PMJAY,39100.00,22100.00,0.57
National Insurance Co. Ltd.,2018-19,Group Insurance Schemes excluding Govt Sponsored Schemes,170440.00,196100.00,1.15
National Insurance Co. Ltd.,2018-19,Family Floater,39830.00,55073.00,1.38
National Insurance Co. Ltd.,2018-19,Individual,89471.00,79640.00,0.89
National Insurance Co. Ltd.,2019-20,Government Sponsored Schemes including RSBY,24521.00,24000.00,0.98
National Insurance Co. Ltd.,2019-20,Group Insurance Schemes excluding Govt Sponsored Schemes,149405.00,155211.00,1.04
National Insurance Co. Ltd.,2019-20,Family Floater,39251.00,45709.00,1.16
National Insurance Co. Ltd.,2019-20,Individual,93389.00,92127.00,0.99
National Insurance Co. Ltd.,2020-21,Government Sponsored Schemes including RSBY & PMJAY,30500.00,25660.00,0.84
National Insurance Co. Ltd.,2020-21,Group Insurance Schemes excluding Govt Sponsored Schemes,213425.00,225610.00,1.06
National Insurance Co. Ltd.,2020-21,Family Floater,48894.00,49727.00,1.02
National Insurance Co. Ltd.,2020-21,Individual,115254.00,111061.00,0.96
National Insurance Co. Ltd.,2021-22,Government Sponsored Schemes including RSBY & PMJAY,34284.60,60100.00,1.75
National Insurance Co. Ltd.,2021-22,Group Insurance Schemes excluding Govt Sponsored Schemes,296712.50,379753.90,1.28
National Insurance Co. Ltd.,2021-22,Family Floater,64279.60,77358.80,1.20
National Insurance Co. Ltd.,2021-22,Individual,141126.60,148575.40,1.05
Navi General Insurance Limited,2017-18,Group Insurance Schemes excluding Govt Sponsored Schemes,1409.79,7.77,0.01
Navi General Insurance Limited,2018-19,Government Sponsored Schemes including RSBY & PMJAY,0.00,0.00,
Navi General Insurance Limited,2018-19,Group Insurance Schemes excluding Govt Sponsored Schemes,3960.86,1947.81,0.49
Navi General Insurance Limited,2018-19,Family Floater,0.00,0.00,
Navi General Insurance Limited,2018-19,Individual,0.02,0.00,0.00
Navi General Insurance Limited,2019-20,Government Sponsored Schemes including RSBY,0.00,0.00,
Navi General Insurance Limited,2019-20,Group Insurance Schemes excluding Govt Sponsored Schemes,3817.69,1339.71,0.35
Navi General Insurance Limited,2019-20,Family Floater,0.63,0.19,0.30
Navi General Insurance Limited,2019-20,Individual,1.87,2.66,1.42
Navi General Insurance Limited,2020-21,Government Sponsored Schemes including RSBY & PMJAY,0.00,0.00,
Navi General Insurance Limited,2020-21,Group Insurance Schemes excluding Govt Sponsored Schemes,2480.28,526.40,0.21
Navi General Insurance Limited,2020-21,Family Floater,5.43,22.34,4.11
Navi General Insurance Limited,2020-21,Individual,3.10,0.39,0.13
Navi General Insurance Limited,2021-22,Group Insurance Schemes excluding Govt Sponsored Schemes,2272.87,188.47,0.08
Navi General Insurance Limited,2021-22,Family Floater,735.27,441.39,0.60
Navi General Insurance Limited,2021-22,Individual,302.95,368.88,1.22
Niva Bupa Health Insurance Co. Ltd.,2013-14,Family/Floater Insurance excluding Individual Policies,14362.25,6796.00,0.47
Niva Bupa Health Insurance Co. Ltd.,2013-14,Government Sponsored Schemes  including RSBY,841.44,374.38,0.44
Niva Bupa Health Insurance Co. Ltd.,2013-14,Group Insurance Schemes excluding Govt. Sponsored Schemes,4664.26,4617.28,0.99
Niva Bupa Health Insurance Co. Ltd.,2013-14,Individual Insurance excluding Family /Floater Policies,3858.83,2235.12,0.58
Niva Bupa Health Insurance Co. Ltd.,2014-15,Family/Floater Insurance excluding Individual Policies,10946.59,5555.66,0.51
Niva Bupa Health Insurance Co. Ltd.,2014-15,Government Sponsored Schemes including RSBY,605.65,296.41,0.49
Niva Bupa Health Insurance Co. Ltd.,2014-15,Group Insurance Schemes excluding Govt. Sponsored Schemes,4052.78,3435.35,0.85
Niva Bupa Health Insurance Co. Ltd.,2014-15,Individual Insurance excluding Family /Floater Policies,15822.33,8030.22,0.51
Niva Bupa Health Insurance Co. Ltd.,2015-16,Government Sponsored Schemes including RSBY,403.42,375.53,0.93
Niva Bupa Health Insurance Co. Ltd.,2015-16,Group Insurance Schemes excluding Govt. Sponsored Schemes,2831.47,897.80,0.32
Niva Bupa Health Insurance Co. Ltd.,2015-16,Family Floater,11564.76,7531.57,0.65
Niva Bupa Health Insurance Co. Ltd.,2015-16,Individual,24487.21,14587.87,0.60
Niva Bupa Health Insurance Co. Ltd.,2016-17,Government Sponsored Schemes including RSBY,212.52,445.32,2.10
Niva Bupa Health Insurance Co. Ltd.,2016-17,Group Insurance Schemes excluding Govt. Sponsored Schemes,4817.63,1370.65,0.28
Niva Bupa Health Insurance Co. Ltd.,2016-17,Family Floater,16992.04,9744.40,0.57
Niva Bupa Health Insurance Co. Ltd.,2016-17,Individual,32303.11,16641.73,0.52
Niva Bupa Health Insurance Co. Ltd.,2017-18,Government Sponsored Schemes including RSBY,377.56,345.82,0.92
Niva Bupa Health Insurance Co. Ltd.,2017-18,Group Insurance Schemes excluding Govt Sponsored Schemes,8035.56,1779.70,0.22
Niva Bupa Health Insurance Co. Ltd.,2017-18,Family Floater,19399.83,10279.73,0.53
Niva Bupa Health Insurance Co. Ltd.,2017-18,Individual,29221.29,16207.60,0.55
Niva Bupa Health Insurance Co. Ltd.,2018-19,Government Sponsored Schemes including RSBY & PMJAY,380.75,266.65,0.70
Niva Bupa Health Insurance Co. Ltd.,2018-19,Group Insurance Schemes excluding Govt Sponsored Schemes,10978.34,3784.60,0.34
Niva Bupa Health Insurance Co. Ltd.,2018-19,Family Floater,43156.58,25621.74,0.59
Niva Bupa Health Insurance Co. Ltd.,2018-19,Individual,9713.56,5194.49,0.53
Niva Bupa Health Insurance Co. Ltd.,2019-20,Government Sponsored Schemes including RSBY,146.98,-37.66,-0.26
Niva Bupa Health Insurance Co. Ltd.,2019-20,Group Insurance Schemes excluding Govt Sponsored Schemes,18995.72,6658.68,0.35
Niva Bupa Health Insurance Co. Ltd.,2019-20,Family Floater,48982.61,31689.31,0.65
Niva Bupa Health Insurance Co. Ltd.,2019-20,Individual,12047.51,6330.53,0.53
Niva Bupa Health Insurance Co. Ltd.,2020-21,Government Sponsored Schemes including RSBY & PMJAY,0.00,0.00,
Niva Bupa Health Insurance Co. Ltd.,2020-21,Group Insurance Schemes excluding Govt Sponsored Schemes,26820.05,12900.18,0.48
Niva Bupa Health Insurance Co. Ltd.,2020-21,Family Floater,67923.69,48818.48,0.72
Niva Bupa Health Insurance Co. Ltd.,2020-21,Individual,15452.61,1939.88,0.13
Niva Bupa Health Insurance Co. Ltd.,2021-22,Group Insurance Schemes excluding Govt Sponsored Schemes,38369.62,16834.20,0.44
Niva Bupa Health Insurance Co. Ltd.,2021-22,Family Floater,113574.58,77249.36,0.68
Niva Bupa Health Insurance Co. Ltd.,2021-22,Individual,18364.77,14224.71,0.77
Raheja QBE General Insurance Co. Ltd.,2013-14,Individual Insurance excluding Family /Floater Policies,1.54,0.00,0.00
Raheja QBE General Insurance Co. Ltd.,2014-15,Individual Insurance excluding Family /Floater Policies,1.79,0.00,0.00
Raheja QBE General Insurance Co. Ltd.,2015-16,Individual,1.41,0.81,0.57
Raheja QBE General Insurance Co. Ltd.,2016-17,Individual,1.70,0.00,0.00
Raheja QBE General Insurance Co. Ltd.,2017-18,Family Floater,1.53,,0.00
Raheja QBE General Insurance Co. Ltd.,2017-18,Individual,2.50,,0.00
Raheja QBE General Insurance Co. Ltd.,2018-19,Government Sponsored Schemes including RSBY & PMJAY,0.00,0.00,
Raheja QBE General Insurance Co. Ltd.,2018-19,Group Insurance Schemes excluding Govt Sponsored Schemes,0.00,0.00,
Raheja QBE General Insurance Co. Ltd.,2018-19,Family Floater,4.10,0.00,0.00
Raheja QBE General Insurance Co. Ltd.,2018-19,Individual,4.17,0.00,0.00
Raheja QBE General Insurance Co. Ltd.,2019-20,Government Sponsored Schemes including RSBY,0.00,0.00,
Raheja QBE General Insurance Co. Ltd.,2019-20,Group Insurance Schemes excluding Govt Sponsored Schemes,0.00,0.00,
Raheja QBE General Insurance Co. Ltd.,2019-20,Family Floater,12.28,0.00,0.00
Raheja QBE General Insurance Co. Ltd.,2019-20,Individual,10.28,16.39,1.59
Raheja QBE General Insurance Co. Ltd.,2020-21,Government Sponsored Schemes including RSBY & PMJAY,0.00,0.00,
Raheja QBE General Insurance Co. Ltd.,2020-21,Group Insurance Schemes excluding Govt Sponsored Schemes,170.51,234.22,1.37
Raheja QBE General Insurance Co. Ltd.,2020-21,Family Floater,230.66,24.30,0.11
Raheja QBE General Insurance Co. Ltd.,2020-21,Individual,754.85,874.41,1.16
Raheja QBE General Insurance Co. Ltd.,2021-22,Group Insurance Schemes excluding Govt Sponsored Schemes,258.93,329.70,1.27
Raheja QBE General Insurance Co. Ltd.,2021-22,Family Floater,238.69,662.48,2.78
Raheja QBE General Insurance Co. Ltd.,2021-22,Individual,449.44,40.56,0.09
Reliance General Insurance Co. Ltd.,2013-14,Family/Floater Insurance excluding Individual Policies,4452.06,4874.81,1.09
Reliance General Insurance Co. Ltd.,2013-14,Government Sponsored Schemes  including RSBY,13078.04,12040.98,0.92
Reliance General Insurance Co. Ltd.,2013-14,Group Insurance Schemes excluding Govt. Sponsored Schemes,13325.82,14218.65,1.07
Reliance General Insurance Co. Ltd.,2013-14,Individual Insurance excluding Family /Floater Policies,1660.26,2343.59,1.41
Reliance General Insurance Co. Ltd.,2014-15,Family/Floater Insurance excluding Individual Policies,2920.40,4996.95,1.19
Reliance General Insurance Co. Ltd.,2014-15,Government Sponsored Schemes including RSBY,20462.53,20879.75,1.02
Reliance General Insurance Co. Ltd.,2014-15,Group Insurance Schemes excluding Govt. Sponsored Schemes,13863.95,15651.24,1.13
Reliance General Insurance Co. Ltd.,2014-15,Individual Insurance excluding Family /Floater Policies,1389.82,2163.48,1.35
Reliance General Insurance Co. Ltd.,2015-16,Government Sponsored Schemes including RSBY,24931.45,21055.73,0.84
Reliance General Insurance Co. Ltd.,2015-16,Group Insurance Schemes excluding Govt. Sponsored Schemes,16883.35,20023.98,1.19
Reliance General Insurance Co. Ltd.,2015-16,Family Floater,4605.25,6366.97,1.38
Reliance General Insurance Co. Ltd.,2015-16,Individual,1499.20,373.82,0.25
Reliance General Insurance Co. Ltd.,2016-17,Government Sponsored Schemes including RSBY,3074.86,2665.89,0.87
Reliance General Insurance Co. Ltd.,2016-17,Group Insurance Schemes excluding Govt. Sponsored Schemes,17053.59,17265.75,1.01
Reliance General Insurance Co. Ltd.,2016-17,Family Floater,5146.94,4847.86,0.94
Reliance General Insurance Co. Ltd.,2016-17,Individual,1289.18,1325.38,1.03
Reliance General Insurance Co. Ltd.,2017-18,Government Sponsored Schemes including RSBY,28762.96,34419.55,1.20
Reliance General Insurance Co. Ltd.,2017-18,Group Insurance Schemes excluding Govt Sponsored Schemes,23266.77,25668.42,1.10
Reliance General Insurance Co. Ltd.,2017-18,Family Floater,4890.71,5382.14,1.10
Reliance General Insurance Co. Ltd.,2017-18,Individual,1821.05,1719.50,0.94
Reliance General Insurance Co. Ltd.,2018-19,Government Sponsored Schemes including RSBY & PMJAY,28276.02,29632.18,1.05
Reliance General Insurance Co. Ltd.,2018-19,Group Insurance Schemes excluding Govt Sponsored Schemes,44658.93,41915.77,0.94
Reliance General Insurance Co. Ltd.,2018-19,Family Floater,5724.67,5727.27,1.00
Reliance General Insurance Co. Ltd.,2018-19,Individual,2050.61,1766.70,0.86
Reliance General Insurance Co. Ltd.,2019-20,Government Sponsored Schemes including RSBY,61520.98,59654.26,0.97
Reliance General Insurance Co. Ltd.,2019-20,Group Insurance Schemes excluding Govt Sponsored Schemes,41468.18,37823.99,0.91
Reliance General Insurance Co. Ltd.,2019-20,Family Floater,6467.58,6120.80,0.95
Reliance General Insurance Co. Ltd.,2019-20,Individual,2384.13,1989.90,0.83
Reliance General Insurance Co. Ltd.,2020-21,Government Sponsored Schemes including RSBY & PMJAY,15111.65,9629.86,0.64
Reliance General Insurance Co. Ltd.,2020-21,Group Insurance Schemes excluding Govt Sponsored Schemes,37647.77,44361.60,1.18
Reliance General Insurance Co. Ltd.,2020-21,Family Floater,7739.87,7491.53,0.97
Reliance General Insurance Co. Ltd.,2020-21,Individual,3541.93,2808.79,0.79
Reliance General Insurance Co. Ltd.,2021-22,Government Sponsored Schemes including RSBY & PMJAY,12698.29,7009.09,0.55
Reliance General Insurance Co. Ltd.,2021-22,Group Insurance Schemes excluding Govt Sponsored Schemes,46438.92,53086.33,1.14
Reliance General Insurance Co. Ltd.,2021-22,Family Floater,10399.81,10748.40,1.03
Reliance General Insurance Co. Ltd.,2021-22,Individual,4418.80,4413.85,1.00
Reliance Health Insurance Ltd.,2018-19,Government Sponsored Schemes including RSBY & PMJAY,0.00,0.00,
Reliance Health Insurance Ltd.,2018-19,Group Insurance Schemes excluding Govt Sponsored Schemes,0.00,0.00,
Reliance Health Insurance Ltd.,2018-19,Family Floater,0.00,0.00,
Reliance Health Insurance Ltd.,2018-19,Individual,0.00,0.00,
Reliance Health Insurance Ltd.,2019-20,Government Sponsored Schemes including RSBY,0.00,0.00,
Reliance Health Insurance Ltd.,2019-20,Group Insurance Schemes excluding Govt Sponsored Schemes,10.41,1.24,0.12
Reliance Health Insurance Ltd.,2019-20,Family Floater,251.00,136.28,0.54
Reliance Health Insurance Ltd.,2019-20,Individual,127.60,74.46,0.58
Reliance Health Insurance Ltd.,2020-21,Government Sponsored Schemes including RSBY & PMJAY,0.00,0.00,
Reliance Health Insurance Ltd.,2020-21,Group Insurance Schemes excluding Govt Sponsored Schemes,1.12,1.11,0.99
Reliance Health Insurance Ltd.,2020-21,Family Floater,105.67,46.82,0.44
Reliance Health Insurance Ltd.,2020-21,Individual,55.41,25.58,0.46
Reliance Health Insurance Ltd.,2021-22,Group Insurance Schemes excluding Govt Sponsored Schemes,-1.50,1.55,-1.03
Reliance Health Insurance Ltd.,2021-22,Family Floater,19.80,35.80,1.81
Reliance Health Insurance Ltd.,2021-22,Individual,10.38,19.56,1.88
Royal Sundaram General Insurance Co. Ltd.,2013-14,Family/Floater Insurance excluding Individual Policies,3469.80,1687.12,0.49
Royal Sundaram General Insurance Co. Ltd.,2013-14,Government Sponsored Schemes  including RSBY,5233.99,3520.47,0.67
Royal Sundaram General Insurance Co. Ltd.,2013-14,Group Insurance Schemes excluding Govt. Sponsored Schemes,2557.15,2046.73,0.80
Royal Sundaram General Insurance Co. Ltd.,2013-14,Individual Insurance excluding Family /Floater Policies,9330.22,4510.28,0.48
Royal Sundaram General Insurance Co. Ltd.,2014-15,Family/Floater Insurance excluding Individual Policies,4329.92,2242.19,0.52
Royal Sundaram General Insurance Co. Ltd.,2014-15,Government Sponsored Schemes including RSBY,1905.59,1364.69,0.72
Royal Sundaram General Insurance Co. Ltd.,2014-15,Group Insurance Schemes excluding Govt. Sponsored Schemes,4452.39,2790.16,0.63
Royal Sundaram General Insurance Co. Ltd.,2014-15,Individual Insurance excluding Family /Floater Policies,8389.31,4728.64,0.56
Royal Sundaram General Insurance Co. Ltd.,2015-16,Government Sponsored Schemes including RSBY,0.00,-88.06,
Royal Sundaram General Insurance Co. Ltd.,2015-16,Group Insurance Schemes excluding Govt. Sponsored Schemes,5980.94,4115.98,0.69
Royal Sundaram General Insurance Co. Ltd.,2015-16,Family Floater,4319.35,2689.68,0.62
Royal Sundaram General Insurance Co. Ltd.,2015-16,Individual,7843.96,4915.15,0.63
Royal Sundaram General Insurance Co. Ltd.,2016-17,Group Insurance Schemes excluding Govt. Sponsored Schemes,7125.08,4727.49,0.66
Royal Sundaram General Insurance Co. Ltd.,2016-17,Family Floater,4254.15,3049.83,0.72
Royal Sundaram General Insurance Co. Ltd.,2016-17,Individual,7158.31,4744.84,0.66
Royal Sundaram General Insurance Co. Ltd.,2017-18,Group Insurance Schemes excluding Govt Sponsored Schemes,10617.15,6663.08,0.63
Royal Sundaram General Insurance Co. Ltd.,2017-18,Family Floater,5205.90,3653.92,0.70
Royal Sundaram General Insurance Co. Ltd.,2017-18,Individual,4510.77,3158.27,0.70
Royal Sundaram General Insurance Co. Ltd.,2018-19,Government Sponsored Schemes including RSBY & PMJAY,0.00,0.00,
Royal Sundaram General Insurance Co. Ltd.,2018-19,Group Insurance Schemes excluding Govt Sponsored Schemes,16753.36,10056.27,0.60
Royal Sundaram General Insurance Co. Ltd.,2018-19,Family Floater,4037.53,3146.41,0.78
Royal Sundaram General Insurance Co. Ltd.,2018-19,Individual,4766.71,3170.52,0.67
Royal Sundaram General Insurance Co. Ltd.,2019-20,Government Sponsored Schemes including RSBY,0.00,0.00,
Royal Sundaram General Insurance Co. Ltd.,2019-20,Group Insurance Schemes excluding Govt Sponsored Schemes,19470.97,11662.52,0.60
Royal Sundaram General Insurance Co. Ltd.,2019-20,Family Floater,4898.38,4250.61,0.87
Royal Sundaram General Insurance Co. Ltd.,2019-20,Individual,5272.99,4162.79,0.79
Royal Sundaram General Insurance Co. Ltd.,2020-21,Government Sponsored Schemes including RSBY & PMJAY,0.00,0.00,
Royal Sundaram General Insurance Co. Ltd.,2020-21,Group Insurance Schemes excluding Govt Sponsored Schemes,16847.74,10823.50,0.64
Royal Sundaram General Insurance Co. Ltd.,2020-21,Family Floater,5864.83,5225.97,0.89
Royal Sundaram General Insurance Co. Ltd.,2020-21,Individual,6471.24,4960.12,0.77
Royal Sundaram General Insurance Co. Ltd.,2021-22,Group Insurance Schemes excluding Govt Sponsored Schemes,16466.47,14785.73,0.90
Royal Sundaram General Insurance Co. Ltd.,2021-22,Family Floater,6699.40,6866.12,1.02
Royal Sundaram General Insurance Co. Ltd.,2021-22,Individual,7773.50,8317.36,1.07
SBI General Insurance Co. Ltd.,2013-14,Family/Floater Insurance excluding Individual Policies,142.39,17.00,0.12
SBI General Insurance Co. Ltd.,2013-14,Group Insurance Schemes excluding Govt. Sponsored Schemes,582.95,408.65,0.70
SBI General Insurance Co. Ltd.,2013-14,Individual Insurance excluding Family /Floater Policies,186.22,17.65,0.09
SBI General Insurance Co. Ltd.,2014-15,Family/Floater Insurance excluding Individual Policies,66.76,16.68,0.25
SBI General Insurance Co. Ltd.,2014-15,Group Insurance Schemes excluding Govt. Sponsored Schemes,5131.73,2850.11,0.56
SBI General Insurance Co. Ltd.,2014-15,Individual Insurance excluding Family /Floater Policies,41.14,18.78,0.46
SBI General Insurance Co. Ltd.,2015-16,Group Insurance Schemes excluding Govt. Sponsored Schemes,13598.67,5051.72,0.37
SBI General Insurance Co. Ltd.,2015-16,Family Floater,125.48,45.99,0.37
SBI General Insurance Co. Ltd.,2015-16,Individual,218.89,91.13,0.42
SBI General Insurance Co. Ltd.,2016-17,Group Insurance Schemes excluding Govt. Sponsored Schemes,23670.55,10357.75,0.44
SBI General Insurance Co. Ltd.,2016-17,Family Floater,420.67,373.32,0.89
SBI General Insurance Co. Ltd.,2016-17,Individual,1526.87,167.46,0.11
SBI General Insurance Co. Ltd.,2017-18,Group Insurance Schemes excluding Govt Sponsored Schemes,33582.17,14997.33,0.45
SBI General Insurance Co. Ltd.,2017-18,Family Floater,1278.98,509.15,0.40
SBI General Insurance Co. Ltd.,2017-18,Individual,4931.21,784.26,0.16
SBI General Insurance Co. Ltd.,2018-19,Government Sponsored Schemes including RSBY & PMJAY,0.00,0.00,
SBI General Insurance Co. Ltd.,2018-19,Group Insurance Schemes excluding Govt Sponsored Schemes,38003.05,23842.43,0.63
SBI General Insurance Co. Ltd.,2018-19,Family Floater,2653.89,1322.76,0.50
SBI General Insurance Co. Ltd.,2018-19,Individual,8597.81,1533.88,0.18
SBI General Insurance Co. Ltd.,2019-20,Government Sponsored Schemes including RSBY,0.00,0.00,
SBI General Insurance Co. Ltd.,2019-20,Group Insurance Schemes excluding Govt Sponsored Schemes,36641.88,27861.58,0.76
SBI General Insurance Co. Ltd.,2019-20,Family Floater,6095.16,2156.33,0.35
SBI General Insurance Co. Ltd.,2019-20,Individual,15514.44,3528.25,0.23
SBI General Insurance Co. Ltd.,2020-21,Government Sponsored Schemes including RSBY & PMJAY,0.00,0.00,
SBI General Insurance Co. Ltd.,2020-21,Group Insurance Schemes excluding Govt Sponsored Schemes,61177.34,63654.30,1.04
SBI General Insurance Co. Ltd.,2020-21,Family Floater,9849.19,5472.82,0.56
SBI General Insurance Co. Ltd.,2020-21,Individual,18398.36,-628.64,-0.03
SBI General Insurance Co. Ltd.,2021-22,Government Sponsored Schemes including RSBY & PMJAY,7452.32,14421.56,1.94
SBI General Insurance Co. Ltd.,2021-22,Group Insurance Schemes excluding Govt Sponsored Schemes,82141.62,89108.85,1.08
SBI General Insurance Co. Ltd.,2021-22,Family Floater,13298.20,12558.63,0.94
SBI General Insurance Co. Ltd.,2021-22,Individual,14980.00,5610.72,0.37
Shriram General Insurance Co. Ltd.,2017-18,Family Floater,0.11,,0.00
Shriram General Insurance Co. Ltd.,2018-19,Government Sponsored Schemes including RSBY & PMJAY,0.00,0.00,
Shriram General Insurance Co. Ltd.,2018-19,Group Insurance Schemes excluding Govt Sponsored Schemes,0.00,0.00,
Shriram General Insurance Co. Ltd.,2018-19,Family Floater,0.00,0.00,
Shriram General Insurance Co. Ltd.,2018-19,Individual,1.80,0.00,0.00
Shriram General Insurance Co. Ltd.,2019-20,Government Sponsored Schemes including RSBY,0.00,0.00,
Shriram General Insurance Co. Ltd.,2019-20,Group Insurance Schemes excluding Govt Sponsored Schemes,0.41,0.00,0.00
Shriram General Insurance Co. Ltd.,2019-20,Family Floater,0.00,0.00,
Shriram General Insurance Co. Ltd.,2019-20,Individual,13.36,0.00,0.00
Shriram General Insurance Co. Ltd.,2020-21,Government Sponsored Schemes including RSBY & PMJAY,0.00,0.00,
Shriram General Insurance Co. Ltd.,2020-21,Group Insurance Schemes excluding Govt Sponsored Schemes,1.25,0.00,0.00
Shriram General Insurance Co. Ltd.,2020-21,Family Floater,0.00,0.00,
Shriram General Insurance Co. Ltd.,2020-21,Individual,113.66,0.06,0.00
Shriram General Insurance Co. Ltd.,2021-22,Group Insurance Schemes excluding Govt Sponsored Schemes,0.69,0.00,0.00
Shriram General Insurance Co. Ltd.,2021-22,Individual,823.87,4.65,0.01
Stand-alone Health Insurers Total,2013-14,Family/Floater Insurance excluding Individual Policies,74994.08,44446.11,0.59
Stand-alone Health Insurers Total,2013-14,Government Sponsored Schemes  including RSBY,5700.10,3173.37,0.56
Stand-alone Health Insurers Total,2013-14,Group Insurance Schemes excluding Govt. Sponsored Schemes,31491.73,28550.90,0.91
Stand-alone Health Insurers Total,2013-14,Individual Insurance excluding Family /Floater Policies,35173.55,22391.84,0.64
Stand-alone Health Insurers Total,2014-15,Family/Floater Insurance excluding Individual Policies,101793.14,62671.93,0.62
Stand-alone Health Insurers Total,2014-15,Government Sponsored Schemes including RSBY,3559.99,1649.73,0.46
Stand-alone Health Insurers Total,2014-15,Group Insurance Schemes excluding Govt. Sponsored Schemes,30574.23,26017.70,0.85
Stand-alone Health Insurers Total,2014-15,Individual Insurance excluding Family /Floater Policies,57732.43,32132.74,0.56
Stand-alone Health Insurers Total,2015-16,Government Sponsored Schemes including RSBY,1771.14,1326.43,0.75
Stand-alone Health Insurers Total,2015-16,Group Insurance Schemes excluding Govt. Sponsored Schemes,55472.72,40571.04,0.73
Stand-alone Health Insurers Total,2015-16,Family Floater,148360.39,80200.29,0.54
Stand-alone Health Insurers Total,2015-16,Individual,89916.29,48999.23,0.54
Stand-alone Health Insurers Total,2016-17,Government Sponsored Schemes including RSBY,2468.90,1354.84,0.55
Stand-alone Health Insurers Total,2016-17,Group Insurance Schemes excluding Govt. Sponsored Schemes,78831.76,60049.51,0.76
Stand-alone Health Insurers Total,2016-17,Family Floater,184904.21,103255.84,0.56
Stand-alone Health Insurers Total,2016-17,Individual,135032.53,68774.57,0.51
Stand-alone Health Insurers Total,2017-18,Government Sponsored Schemes including RSBY,3571.95,3503.59,0.98
Stand-alone Health Insurers Total,2017-18,Group Insurance Schemes excluding Govt Sponsored Schemes,116928.87,99774.96,0.85
Stand-alone Health Insurers Total,2017-18,Family Floater,261639.72,145315.33,0.56
Stand-alone Health Insurers Total,2017-18,Individual,150048.14,79535.23,0.53
Stand-alone Health Insurers Total,2018-19,Government Sponsored Schemes including RSBY & PMJAY,5699.95,10386.02,1.82
Stand-alone Health Insurers Total,2018-19,Group Insurance Schemes excluding Govt Sponsored Schemes,173909.74,136478.46,0.78
Stand-alone Health Insurers Total,2018-19,Family Floater,380117.59,216371.73,0.57
Stand-alone Health Insurers Total,2018-19,Individual,172428.19,96066.96,0.56
Stand-alone Health Insurers Total,2019-20,Government Sponsored Schemes including RSBY,41.73,-468.85,-11.24
Stand-alone Health Insurers Total,2019-20,Group Insurance Schemes excluding Govt Sponsored Schemes,237261.55,203623.49,0.86
Stand-alone Health Insurers Total,2019-20,Family Floater,569496.59,340724.45,0.60
Stand-alone Health Insurers Total,2019-20,Individual,124265.01,69837.85,0.56
Stand-alone Health Insurers Total,2020-21,Government Sponsored Schemes including RSBY & PMJAY,95.51,-1118.35,-11.71
Stand-alone Health Insurers Total,2020-21,Group Insurance Schemes excluding Govt Sponsored Schemes,210277.02,168113.43,0.80
Stand-alone Health Insurers Total,2020-21,Family Floater,506118.85,436049.09,0.86
Stand-alone Health Insurers Total,2020-21,Individual,135237.20,62093.57,0.46
Stand-alone Health Insurers Total,2021-22,Government Sponsored Schemes including RSBY & PMJAY,0.00,-390.60,
Stand-alone Health Insurers Total,2021-22,Group Insurance Schemes excluding Govt Sponsored Schemes,336596.87,295300.85,0.88
Stand-alone Health Insurers Total,2021-22,Family Floater,1025990.06,829820.82,0.81
Stand-alone Health Insurers Total,2021-22,Individual,176720.32,124875.28,0.71
Star Health & Allied  Insurance Co. Ltd.,2013-14,Family/Floater Insurance excluding Individual Policies,37108.22,25373.54,0.68
Star Health & Allied  Insurance Co. Ltd.,2013-14,Government Sponsored Schemes  including RSBY,3270.98,1936.59,0.59
Star Health & Allied  Insurance Co. Ltd.,2013-14,Group Insurance Schemes excluding Govt. Sponsored Schemes,5118.32,3499.76,0.68
Star Health & Allied  Insurance Co. Ltd.,2013-14,Individual Insurance excluding Family /Floater Policies,18081.33,12363.49,0.68
Star Health & Allied  Insurance Co. Ltd.,2014-15,Family/Floater Insurance excluding Individual Policies,63256.73,42014.95,0.66
Star Health & Allied  Insurance Co. Ltd.,2014-15,Government Sponsored Schemes including RSBY,2638.86,1315.78,0.50
Star Health & Allied  Insurance Co. Ltd.,2014-15,Group Insurance Schemes excluding Govt. Sponsored Schemes,6932.88,5860.15,0.85
Star Health & Allied  Insurance Co. Ltd.,2014-15,Individual Insurance excluding Family /Floater Policies,26849.81,14954.84,0.56
Star Health & Allied  Insurance Co. Ltd.,2015-16,Government Sponsored Schemes including RSBY,883.26,846.87,0.96
Star Health & Allied  Insurance Co. Ltd.,2015-16,Group Insurance Schemes excluding Govt. Sponsored Schemes,11092.15,5795.39,0.52
Star Health & Allied  Insurance Co. Ltd.,2015-16,Family Floater,102331.40,53465.79,0.52
Star Health & Allied  Insurance Co. Ltd.,2015-16,Individual,37963.62,19835.11,0.52
Star Health & Allied  Insurance Co. Ltd.,2016-17,Government Sponsored Schemes including RSBY,1773.44,34.51,0.02
Star Health & Allied  Insurance Co. Ltd.,2016-17,Group Insurance Schemes excluding Govt. Sponsored Schemes,18344.41,12957.25,0.71
Star Health & Allied  Insurance Co. Ltd.,2016-17,Family Floater,107790.56,65628.34,0.61
Star Health & Allied  Insurance Co. Ltd.,2016-17,Individual,57468.31,34989.61,0.61
Star Health & Allied  Insurance Co. Ltd.,2017-18,Government Sponsored Schemes including RSBY,2469.21,2132.65,0.86
Star Health & Allied  Insurance Co. Ltd.,2017-18,Group Insurance Schemes excluding Govt Sponsored Schemes,27914.55,27749.48,0.99
Star Health & Allied  Insurance Co. Ltd.,2017-18,Family Floater,159143.57,91553.76,0.58
Star Health & Allied  Insurance Co. Ltd.,2017-18,Individual,76171.69,43820.84,0.58
Star Health & Allied  Insurance Co. Ltd.,2018-19,Government Sponsored Schemes including RSBY & PMJAY,1366.46,4252.85,3.11
Star Health & Allied  Insurance Co. Ltd.,2018-19,Group Insurance Schemes excluding Govt Sponsored Schemes,37511.52,32816.57,0.87
Star Health & Allied  Insurance Co. Ltd.,2018-19,Family Floater,214810.28,126728.30,0.59
Star Health & Allied  Insurance Co. Ltd.,2018-19,Individual,103615.05,61128.17,0.59
Star Health & Allied  Insurance Co. Ltd.,2019-20,Government Sponsored Schemes including RSBY,-9.74,-319.66,32.82
Star Health & Allied  Insurance Co. Ltd.,2019-20,Group Insurance Schemes excluding Govt Sponsored Schemes,57424.31,64186.25,1.12
Star Health & Allied  Insurance Co. Ltd.,2019-20,Family Floater,365652.93,218192.55,0.60
Star Health & Allied  Insurance Co. Ltd.,2019-20,Individual,36012.90,21489.63,0.60
Star Health & Allied  Insurance Co. Ltd.,2020-21,Government Sponsored Schemes including RSBY & PMJAY,95.51,-0.83,-0.01
Star Health & Allied  Insurance Co. Ltd.,2020-21,Group Insurance Schemes excluding Govt Sponsored Schemes,53955.79,71763.68,1.33
Star Health & Allied  Insurance Co. Ltd.,2020-21,Family Floater,365967.24,335228.54,0.92
Star Health & Allied  Insurance Co. Ltd.,2020-21,Individual,35741.71,27887.12,0.78
Star Health & Allied  Insurance Co. Ltd.,2021-22,Government Sponsored Schemes including RSBY & PMJAY,0.00,-2.39,
Star Health & Allied  Insurance Co. Ltd.,2021-22,Group Insurance Schemes excluding Govt Sponsored Schemes,112480.56,132034.73,1.17
Star Health & Allied  Insurance Co. Ltd.,2021-22,Family Floater,789815.93,659345.91,0.83
Star Health & Allied  Insurance Co. Ltd.,2021-22,Individual,66898.68,54688.36,0.82
Tata AIG General Insurance Co. Ltd.,2013-14,Family/Floater Insurance excluding Individual Policies,2027.85,306.73,0.15
Tata AIG General Insurance Co. Ltd.,2013-14,Government Sponsored Schemes  including RSBY,3852.31,2339.99,0.61
Tata AIG General Insurance Co. Ltd.,2013-14,Group Insurance Schemes excluding Govt. Sponsored Schemes,1046.34,851.26,0.81
Tata AIG General Insurance Co. Ltd.,2013-14,Individual Insurance excluding Family /Floater Policies,1648.28,546.78,0.33
Tata AIG General Insurance Co. Ltd.,2014-15,Family/Floater Insurance excluding Individual Policies,3682.00,588.67,0.16
Tata AIG General Insurance Co. Ltd.,2014-15,Government Sponsored Schemes including RSBY,3231.00,2256.91,0.70
Tata AIG General Insurance Co. Ltd.,2014-15,Group Insurance Schemes excluding Govt. Sponsored Schemes,3240.00,2449.90,0.76
Tata AIG General Insurance Co. Ltd.,2014-15,Individual Insurance excluding Family /Floater Policies,1972.00,637.25,0.32
Tata AIG General Insurance Co. Ltd.,2015-16,Government Sponsored Schemes including RSBY,3388.36,2399.88,0.71
Tata AIG General Insurance Co. Ltd.,2015-16,Group Insurance Schemes excluding Govt. Sponsored Schemes,3071.61,2300.00,0.75
Tata AIG General Insurance Co. Ltd.,2015-16,Family Floater,3574.61,258.33,0.07
Tata AIG General Insurance Co. Ltd.,2015-16,Individual,2962.94,2216.04,0.75
Tata AIG General Insurance Co. Ltd.,2016-17,Government Sponsored Schemes including RSBY,167.14,418.34,2.50
Tata AIG General Insurance Co. Ltd.,2016-17,Group Insurance Schemes excluding Govt. Sponsored Schemes,2225.66,2363.65,1.06
Tata AIG General Insurance Co. Ltd.,2016-17,Family Floater,3462.27,2192.05,0.63
Tata AIG General Insurance Co. Ltd.,2016-17,Individual,3998.84,1727.17,0.43
Tata AIG General Insurance Co. Ltd.,2017-18,Government Sponsored Schemes including RSBY,,-23.93,
Tata AIG General Insurance Co. Ltd.,2017-18,Group Insurance Schemes excluding Govt Sponsored Schemes,7373.87,6363.61,0.86
Tata AIG General Insurance Co. Ltd.,2017-18,Family Floater,4492.80,2835.94,0.63
Tata AIG General Insurance Co. Ltd.,2017-18,Individual,5126.48,2264.09,0.44
Tata AIG General Insurance Co. Ltd.,2018-19,Government Sponsored Schemes including RSBY & PMJAY,0.00,1.83,
Tata AIG General Insurance Co. Ltd.,2018-19,Group Insurance Schemes excluding Govt Sponsored Schemes,22259.26,23466.99,1.05
Tata AIG General Insurance Co. Ltd.,2018-19,Family Floater,5521.00,4306.01,0.78
Tata AIG General Insurance Co. Ltd.,2018-19,Individual,8349.45,3476.82,0.42
Tata AIG General Insurance Co. Ltd.,2019-20,Government Sponsored Schemes including RSBY,0.00,-5.99,
Tata AIG General Insurance Co. Ltd.,2019-20,Group Insurance Schemes excluding Govt Sponsored Schemes,33948.83,26723.22,0.79
Tata AIG General Insurance Co. Ltd.,2019-20,Family Floater,7951.18,5354.22,0.67
Tata AIG General Insurance Co. Ltd.,2019-20,Individual,7503.87,3444.19,0.46
Tata AIG General Insurance Co. Ltd.,2020-21,Government Sponsored Schemes including RSBY & PMJAY,0.00,0.00,
Tata AIG General Insurance Co. Ltd.,2020-21,Group Insurance Schemes excluding Govt Sponsored Schemes,48826.84,35764.45,0.73
Tata AIG General Insurance Co. Ltd.,2020-21,Family Floater,12611.58,9251.46,0.73
Tata AIG General Insurance Co. Ltd.,2020-21,Individual,8769.93,4616.32,0.53
Tata AIG General Insurance Co. Ltd.,2021-22,Group Insurance Schemes excluding Govt Sponsored Schemes,73577.19,66388.90,0.90
Tata AIG General Insurance Co. Ltd.,2021-22,Family Floater,24133.58,21726.21,0.90
Tata AIG General Insurance Co. Ltd.,2021-22,Individual,10207.30,9249.81,0.91
The New India Assurance Co. Ltd.,2013-14,Family/Floater Insurance excluding Individual Policies,7937.92,5208.82,0.66
The New India Assurance Co. Ltd.,2013-14,Government Sponsored Schemes  including RSBY,8905.08,9938.77,1.12
The New India Assurance Co. Ltd.,2013-14,Group Insurance Schemes excluding Govt. Sponsored Schemes,147888.11,164664.06,1.11
The New India Assurance Co. Ltd.,2013-14,Individual Insurance excluding Family /Floater Policies,118355.10,99576.33,0.84
The New India Assurance Co. Ltd.,2014-15,Family/Floater Insurance excluding Individual Policies,52324.61,46562.18,0.89
The New India Assurance Co. Ltd.,2014-15,Government Sponsored Schemes including RSBY,28205.56,28810.69,1.02
The New India Assurance Co. Ltd.,2014-15,Group Insurance Schemes excluding Govt. Sponsored Schemes,169805.10,200981.09,1.18
The New India Assurance Co. Ltd.,2014-15,Individual Insurance excluding Family /Floater Policies,93005.50,69927.95,0.75
The New India Assurance Co. Ltd.,2015-16,Government Sponsored Schemes including RSBY,40158.08,55757.71,1.39
The New India Assurance Co. Ltd.,2015-16,Group Insurance Schemes excluding Govt. Sponsored Schemes,220102.88,303413.19,1.38
The New India Assurance Co. Ltd.,2015-16,Family Floater,38195.70,19972.52,0.52
The New India Assurance Co. Ltd.,2015-16,Individual,115130.76,104276.85,0.91
The New India Assurance Co. Ltd.,2016-17,Government Sponsored Schemes including RSBY,84626.26,110243.04,1.30
The New India Assurance Co. Ltd.,2016-17,Group Insurance Schemes excluding Govt. Sponsored Schemes,312395.18,349379.12,1.12
The New India Assurance Co. Ltd.,2016-17,Family Floater,144459.41,113590.29,0.79
The New India Assurance Co. Ltd.,2016-17,Individual,26247.48,21945.43,0.84
The New India Assurance Co. Ltd.,2017-18,Government Sponsored Schemes including RSBY,71363.52,81528.28,1.14
The New India Assurance Co. Ltd.,2017-18,Group Insurance Schemes excluding Govt Sponsored Schemes,350108.49,397097.85,1.13
The New India Assurance Co. Ltd.,2017-18,Family Floater,62850.36,46084.68,0.73
The New India Assurance Co. Ltd.,2017-18,Individual,105375.47,88553.90,0.84
The New India Assurance Co. Ltd.,2018-19,Government Sponsored Schemes including RSBY & PMJAY,49253.80,49305.46,1.00
The New India Assurance Co. Ltd.,2018-19,Group Insurance Schemes excluding Govt Sponsored Schemes,424781.39,471031.86,1.11
The New India Assurance Co. Ltd.,2018-19,Family Floater,87752.10,65168.97,0.74
The New India Assurance Co. Ltd.,2018-19,Individual,116490.72,86485.66,0.74
The New India Assurance Co. Ltd.,2019-20,Government Sponsored Schemes including RSBY,24350.60,32561.81,1.34
The New India Assurance Co. Ltd.,2019-20,Group Insurance Schemes excluding Govt Sponsored Schemes,555118.28,605246.07,1.09
The New India Assurance Co. Ltd.,2019-20,Family Floater,100265.15,75887.81,0.76
The New India Assurance Co. Ltd.,2019-20,Individual,116819.55,84772.90,0.73
The New India Assurance Co. Ltd.,2020-21,Government Sponsored Schemes including RSBY & PMJAY,12495.26,2761.69,0.22
The New India Assurance Co. Ltd.,2020-21,Group Insurance Schemes excluding Govt Sponsored Schemes,710585.01,718633.68,1.01
The New India Assurance Co. Ltd.,2020-21,Family Floater,106356.97,88050.98,0.83
The New India Assurance Co. Ltd.,2020-21,Individual,119732.54,95644.12,0.80
The New India Assurance Co. Ltd.,2021-22,Government Sponsored Schemes including RSBY & PMJAY,32485.98,28263.94,0.87
The New India Assurance Co. Ltd.,2021-22,Group Insurance Schemes excluding Govt Sponsored Schemes,912214.10,1197114.08,1.31
The New India Assurance Co. Ltd.,2021-22,Family Floater,120029.42,128717.29,1.07
The New India Assurance Co. Ltd.,2021-22,Individual,124097.45,126854.26,1.02
The Oriental Insurance Co. Ltd.,2013-14,Family/Floater Insurance excluding Individual Policies,39843.20,38603.90,0.97
The Oriental Insurance Co. Ltd.,2013-14,Government Sponsored Schemes  including RSBY,16721.00,21737.24,1.30
The Oriental Insurance Co. Ltd.,2013-14,Group Insurance Schemes excluding Govt. Sponsored Schemes,88265.99,96245.00,1.09
The Oriental Insurance Co. Ltd.,2013-14,Individual Insurance excluding Family /Floater Policies,31041.57,40499.53,1.30
The Oriental Insurance Co. Ltd.,2014-15,Family/Floater Insurance excluding Individual Policies,52792.35,49193.13,0.93
The Oriental Insurance Co. Ltd.,2014-15,Government Sponsored Schemes including RSBY,5289.36,22921.64,4.33
The Oriental Insurance Co. Ltd.,2014-15,Group Insurance Schemes excluding Govt. Sponsored Schemes,107710.00,119271.00,1.11
The Oriental Insurance Co. Ltd.,2014-15,Individual Insurance excluding Family /Floater Policies,28797.07,35385.00,1.23
The Oriental Insurance Co. Ltd.,2015-16,Government Sponsored Schemes including RSBY,2771.92,2436.32,0.88
The Oriental Insurance Co. Ltd.,2015-16,Group Insurance Schemes excluding Govt. Sponsored Schemes,134795.06,160284.17,1.19
The Oriental Insurance Co. Ltd.,2015-16,Family Floater,55289.75,60976.74,1.10
The Oriental Insurance Co. Ltd.,2015-16,Individual,28283.13,35645.80,1.26
The Oriental Insurance Co. Ltd.,2016-17,Government Sponsored Schemes including RSBY,3333.00,1820.45,0.55
The Oriental Insurance Co. Ltd.,2016-17,Group Insurance Schemes excluding Govt. Sponsored Schemes,177127.03,232570.09,1.31
The Oriental Insurance Co. Ltd.,2016-17,Family Floater,70686.24,71222.37,1.01
The Oriental Insurance Co. Ltd.,2016-17,Individual,30079.33,37427.76,1.24
The Oriental Insurance Co. Ltd.,2017-18,Government Sponsored Schemes including RSBY,2981.96,3913.18,1.31
The Oriental Insurance Co. Ltd.,2017-18,Group Insurance Schemes excluding Govt Sponsored Schemes,216156.50,239950.11,1.11
The Oriental Insurance Co. Ltd.,2017-18,Family Floater,88173.80,71761.99,0.81
The Oriental Insurance Co. Ltd.,2017-18,Individual,34056.17,33783.62,0.99
The Oriental Insurance Co. Ltd.,2018-19,Government Sponsored Schemes including RSBY & PMJAY,10101.99,4332.17,0.43
The Oriental Insurance Co. Ltd.,2018-19,Group Insurance Schemes excluding Govt Sponsored Schemes,234365.75,283400.40,1.21
The Oriental Insurance Co. Ltd.,2018-19,Family Floater,89301.00,78639.61,0.88
The Oriental Insurance Co. Ltd.,2018-19,Individual,31966.76,29264.76,0.92
The Oriental Insurance Co. Ltd.,2019-20,Government Sponsored Schemes including RSBY,20261.96,22499.39,1.11
The Oriental Insurance Co. Ltd.,2019-20,Group Insurance Schemes excluding Govt Sponsored Schemes,271264.54,274414.18,1.01
The Oriental Insurance Co. Ltd.,2019-20,Family Floater,96167.22,91442.30,0.95
The Oriental Insurance Co. Ltd.,2019-20,Individual,32725.57,38892.93,1.19
The Oriental Insurance Co. Ltd.,2020-21,Government Sponsored Schemes including RSBY & PMJAY,14090.47,30948.82,2.20
The Oriental Insurance Co. Ltd.,2020-21,Group Insurance Schemes excluding Govt Sponsored Schemes,258172.89,312765.89,1.21
The Oriental Insurance Co. Ltd.,2020-21,Family Floater,100856.20,99458.48,0.99
The Oriental Insurance Co. Ltd.,2020-21,Individual,47847.83,66721.64,1.39
The Oriental Insurance Co. Ltd.,2021-22,Government Sponsored Schemes including RSBY & PMJAY,62276.74,82740.31,1.33
The Oriental Insurance Co. Ltd.,2021-22,Group Insurance Schemes excluding Govt Sponsored Schemes,351154.50,455005.57,1.30
The Oriental Insurance Co. Ltd.,2021-22,Family Floater,97083.76,128329.25,1.32
The Oriental Insurance Co. Ltd.,2021-22,Individual,32266.77,75571.99,2.34
United India Insurance Co. Ltd.,2013-14,Family/Floater Insurance excluding Individual Policies,15181.00,15359.00,1.01
United India Insurance Co. Ltd.,2013-14,Government Sponsored Schemes  including RSBY,28127.00,34792.00,1.24
United India Insurance Co. Ltd.,2013-14,Group Insurance Schemes excluding Govt. Sponsored Schemes,117635.00,139086.00,1.18
United India Insurance Co. Ltd.,2013-14,Individual Insurance excluding Family /Floater Policies,46081.00,47800.00,1.03
United India Insurance Co. Ltd.,2014-15,Family/Floater Insurance excluding Individual Policies,22865.00,22106.00,0.97
United India Insurance Co. Ltd.,2014-15,Government Sponsored Schemes including RSBY,38403.00,49228.00,1.28
United India Insurance Co. Ltd.,2014-15,Group Insurance Schemes excluding Govt. Sponsored Schemes,166501.00,218294.00,1.31
United India Insurance Co. Ltd.,2014-15,Individual Insurance excluding Family /Floater Policies,52905.00,55018.00,1.04
United India Insurance Co. Ltd.,2015-16,Government Sponsored Schemes including RSBY,39942.00,44342.00,1.11
United India Insurance Co. Ltd.,2015-16,Group Insurance Schemes excluding Govt. Sponsored Schemes,240478.00,320104.00,1.33
United India Insurance Co. Ltd.,2015-16,Family Floater,20238.00,20333.00,1.00
United India Insurance Co. Ltd.,2015-16,Individual,53408.00,55280.00,1.04
United India Insurance Co. Ltd.,2016-17,Government Sponsored Schemes including RSBY,62761.00,72534.53,1.16
United India Insurance Co. Ltd.,2016-17,Group Insurance Schemes excluding Govt. Sponsored Schemes,273018.00,446140.73,1.63
United India Insurance Co. Ltd.,2016-17,Family Floater,32296.00,26235.00,0.81
United India Insurance Co. Ltd.,2016-17,Individual,67069.00,68991.00,1.03
United India Insurance Co. Ltd.,2017-18,Government Sponsored Schemes including RSBY,59441.00,70810.02,1.19
United India Insurance Co. Ltd.,2017-18,Group Insurance Schemes excluding Govt Sponsored Schemes,291816.00,344679.50,1.18
United India Insurance Co. Ltd.,2017-18,Family Floater,32035.00,23771.84,0.74
United India Insurance Co. Ltd.,2017-18,Individual,58689.00,52378.95,0.89
United India Insurance Co. Ltd.,2018-19,Government Sponsored Schemes including RSBY & PMJAY,64266.55,64636.81,1.01
United India Insurance Co. Ltd.,2018-19,Group Insurance Schemes excluding Govt Sponsored Schemes,298332.91,344074.72,1.15
United India Insurance Co. Ltd.,2018-19,Family Floater,33100.07,32028.54,0.97
United India Insurance Co. Ltd.,2018-19,Individual,57325.18,66296.92,1.16
United India Insurance Co. Ltd.,2019-20,Government Sponsored Schemes including RSBY,67611.49,56931.05,0.84
United India Insurance Co. Ltd.,2019-20,Group Insurance Schemes excluding Govt Sponsored Schemes,325587.11,346980.34,1.07
United India Insurance Co. Ltd.,2019-20,Family Floater,39779.41,37477.85,0.94
United India Insurance Co. Ltd.,2019-20,Individual,68268.07,71845.39,1.05
United India Insurance Co. Ltd.,2020-21,Government Sponsored Schemes including RSBY & PMJAY,146503.70,194437.44,1.33
United India Insurance Co. Ltd.,2020-21,Group Insurance Schemes excluding Govt Sponsored Schemes,273750.62,261993.25,0.96
United India Insurance Co. Ltd.,2020-21,Family Floater,45251.33,45533.10,1.01
United India Insurance Co. Ltd.,2020-21,Individual,77218.33,75615.59,0.98
United India Insurance Co. Ltd.,2021-22,Government Sponsored Schemes including RSBY & PMJAY,217193.82,248796.29,1.15
United India Insurance Co. Ltd.,2021-22,Group Insurance Schemes excluding Govt Sponsored Schemes,239071.45,313000.68,1.31
United India Insurance Co. Ltd.,2021-22,Family Floater,50971.36,61145.10,1.20
United India Insurance Co. Ltd.,2021-22,Individual,79648.52,90626.53,1.14
Universal Sompo General Insurance Co. Ltd.,2013-14,Family/Floater Insurance excluding Individual Policies,2205.90,2205.76,1.00
Universal Sompo General Insurance Co. Ltd.,2013-14,Group Insurance Schemes excluding Govt. Sponsored Schemes,4021.52,4467.73,1.11
Universal Sompo General Insurance Co. Ltd.,2013-14,Individual Insurance excluding Family /Floater Policies,291.14,109.16,0.37
Universal Sompo General Insurance Co. Ltd.,2014-15,Family/Floater Insurance excluding Individual Policies,3395.87,2424.58,0.71
Universal Sompo General Insurance Co. Ltd.,2014-15,Group Insurance Schemes excluding Govt. Sponsored Schemes,5891.05,7155.87,1.21
Universal Sompo General Insurance Co. Ltd.,2014-15,Individual Insurance excluding Family /Floater Policies,291.38,58.75,0.20
Universal Sompo General Insurance Co. Ltd.,2015-16,Group Insurance Schemes excluding Govt. Sponsored Schemes,8002.43,8288.62,1.04
Universal Sompo General Insurance Co. Ltd.,2015-16,Family Floater,4813.99,2829.43,0.59
Universal Sompo General Insurance Co. Ltd.,2015-16,Individual,13.95,3.72,0.27
Universal Sompo General Insurance Co. Ltd.,2016-17,Group Insurance Schemes excluding Govt. Sponsored Schemes,3602.92,3184.62,0.88
Universal Sompo General Insurance Co. Ltd.,2016-17,Family Floater,4888.51,3357.83,0.69
Universal Sompo General Insurance Co. Ltd.,2017-18,Group Insurance Schemes excluding Govt Sponsored Schemes,2285.87,3922.86,1.72
Universal Sompo General Insurance Co. Ltd.,2017-18,Family Floater,6326.82,5914.73,0.93
Universal Sompo General Insurance Co. Ltd.,2018-19,Government Sponsored Schemes including RSBY & PMJAY,0.00,0.00,
Universal Sompo General Insurance Co. Ltd.,2018-19,Group Insurance Schemes excluding Govt Sponsored Schemes,3013.89,2934.36,0.97
Universal Sompo General Insurance Co. Ltd.,2018-19,Family Floater,7627.71,6307.52,0.83
Universal Sompo General Insurance Co. Ltd.,2018-19,Individual,0.00,0.00,
Universal Sompo General Insurance Co. Ltd.,2019-20,Government Sponsored Schemes including RSBY,0.00,0.00,
Universal Sompo General Insurance Co. Ltd.,2019-20,Group Insurance Schemes excluding Govt Sponsored Schemes,5695.39,3787.83,0.67
Universal Sompo General Insurance Co. Ltd.,2019-20,Family Floater,8739.87,6943.20,0.79
Universal Sompo General Insurance Co. Ltd.,2019-20,Individual,0.00,0.00,
Universal Sompo General Insurance Co. Ltd.,2020-21,Government Sponsored Schemes including RSBY & PMJAY,0.00,0.00,
Universal Sompo General Insurance Co. Ltd.,2020-21,Group Insurance Schemes excluding Govt Sponsored Schemes,10564.54,9323.52,0.88
Universal Sompo General Insurance Co. Ltd.,2020-21,Family Floater,10098.23,10655.42,1.06
Universal Sompo General Insurance Co. Ltd.,2020-21,Individual,0.00,0.00,
Universal Sompo General Insurance Co. Ltd.,2021-22,Group Insurance Schemes excluding Govt Sponsored Schemes,14131.77,14759.36,1.04
Universal Sompo General Insurance Co. Ltd.,2021-22,Family Floater,11004.20,16376.40,1.49
